brand_name,model,price,avg_rating,5G_or_not,processor_brand,num_cores,processor_speed,battery_capacity,fast_charging_available,ram_capacity,internal_memory,screen_size,refresh_rate,num_rear_cameras,os,primary_camera_rear,primary_camera_front,extended_memory_available,resolution
apple,Apple iPhone 11,38999,7.3,0,bionic,6.0,2.65,3110.0,0,4,64,6.1,60,2,ios,12.0,12.0,0,1483776
apple,Apple iPhone 11 (128GB),46999,7.5,0,bionic,6.0,2.65,3110.0,0,4,128,6.1,60,2,ios,12.0,12.0,0,1483776
apple,Apple iPhone 11 Pro Max,109900,7.7,0,bionic,6.0,2.65,3500.0,1,4,64,6.5,60,3,ios,12.0,12.0,0,3338496
apple,Apple iPhone 13,62999,7.9,1,bionic,6.0,3.22,3240.0,1,4,128,6.1,60,2,ios,12.0,12.0,0,2962440
apple,Apple iPhone 13 (256GB),72999,7.9,1,bionic,6.0,3.22,3240.0,1,4,256,6.1,60,2,ios,12.0,12.0,0,2962440
apple,Apple iPhone 13 (512GB),91999,8.0,1,bionic,6.0,3.22,3240.0,1,4,512,6.1,60,2,ios,12.0,12.0,0,2962440
apple,Apple iPhone 13 Mini,64900,7.9,1,bionic,6.0,3.22,2438.0,1,4,128,5.4,60,2,ios,12.0,12.0,0,2527200
apple,Apple iPhone 13 Pro,119900,8.3,1,bionic,6.0,3.22,3095.0,1,6,128,6.1,120,3,ios,12.0,12.0,0,2962440
apple,Apple iPhone 13 Pro (1TB),147900,8.4,1,bionic,6.0,3.22,3095.0,1,6,1024,6.1,120,3,ios,12.0,12.0,0,2962440
apple,Apple iPhone 13 Pro (256GB),129900,8.3,1,bionic,6.0,3.22,3095.0,1,6,256,6.1,120,3,ios,12.0,12.0,0,2962440
apple,Apple iPhone 13 Pro Max,129900,8.4,1,bionic,6.0,3.22,4352.0,1,6,128,6.7,120,3,ios,12.0,12.0,0,3566952
apple,Apple iPhone 13 Pro Max (1TB),179900,8.6,1,bionic,6.0,3.22,4352.0,1,6,1024,6.7,120,3,ios,12.0,12.0,0,3566952
apple,Apple iPhone 13 Pro Max (256GB),139900,8.4,1,bionic,6.0,3.22,4352.0,1,6,256,6.7,120,3,ios,12.0,12.0,0,3566952
apple,Apple iPhone 14,65999,8.1,1,bionic,6.0,3.22,3279.0,1,6,128,6.1,60,2,ios,12.0,12.0,0,2962440
apple,Apple iPhone 14 (256GB),75999,8.2,1,bionic,6.0,3.22,3279.0,1,6,256,6.1,60,2,ios,12.0,12.0,0,2962440
apple,Apple iPhone 14 (512GB),95999,8.2,1,bionic,6.0,3.22,3279.0,1,6,512,6.1,60,2,ios,12.0,12.0,0,2962440
apple,Apple iPhone 14 Plus,74999,8.2,1,bionic,6.0,3.22,4325.0,1,6,128,6.7,60,2,ios,12.0,12.0,0,3566952
apple,Apple iPhone 14 Plus (256GB),84999,8.3,1,bionic,6.0,3.22,4325.0,1,6,256,6.7,60,2,ios,12.0,12.0,0,3566952
apple,Apple iPhone 14 Plus (512GB),104999,8.3,1,bionic,6.0,3.22,4325.0,1,6,512,6.7,60,2,ios,12.0,12.0,0,3566952
apple,Apple iPhone 9,29990,6.1,0,bionic,6.0,2.65,2050.0,1,3,64,4.7,60,1,ios,12.0,7.0,0,1000500
apple,Apple iPhone SE 2020,39900,6.3,0,bionic,6.0,2.65,1821.0,1,3,64,4.7,60,1,ios,12.0,7.0,0,1000500
asus,Asus ROG Phone 5s 5G,39999,8.7,1,snapdragon,8.0,2.9,6000.0,1,8,128,6.78,144,3,android,64.0,24.0,0,2643840
asus,Asus ROG Phone 6,71999,8.6,1,snapdragon,8.0,3.2,6000.0,1,12,256,6.78,165,3,android,50.0,12.0,0,2643840
asus,Asus ROG Phone 6 Batman Edition,72999,8.8,1,dimensity,8.0,3.2,6000.0,1,16,256,6.78,165,3,android,50.0,12.0,0,2643840
asus,Asus ROG Phone 6 Pro 5G,89999,8.8,1,snapdragon,8.0,3.2,6000.0,1,18,512,6.78,165,3,android,50.0,12.0,0,2643840
asus,Asus ROG Phone 7,75990,8.7,1,snapdragon,8.0,3.2,6000.0,1,18,256,6.8,165,3,android,64.0,32.0,0,2643840
asus,Asus ZenFone 9,63990,8.6,1,snapdragon,8.0,3.2,4300.0,1,8,128,5.9,120,2,android,50.0,12.0,0,2592000
blackview,Blackview BV5200 Pro,8990,6.7,1,helio,8.0,2.3,5180.0,1,4,64,6.1,60,2,android,13.0,8.0,1,1123200
blu,BLU F91 5G,14990,8.5,1,dimensity,8.0,2.4,5000.0,1,8,128,6.8,60,4,android,48.0,16.0,1,2656800
cola,Cola Phone,14999,7.4,0,helio,8.0,2.2,5000.0,1,4,64,6.4,90,2,android,50.0,16.0,1,2592000
doogee,Doogee S99,14999,8.4,0,helio,8.0,2.05,6000.0,1,8,128,6.3,60,3,android,108.0,32.0,1,2527200
doogee,Doogee V Max,45999,8.8,1,dimensity,8.0,2.6,22000.0,1,12,256,6.58,120,3,android,108.0,32.0,1,2600640
gionee,Gionee M12 Pro,7499,6.7,0,helio,8.0,1.99,4000.0,0,6,128,6.2,60,1,android,16.0,13.0,1,1094400
google,Google Pixel 2 XL,15990,6.9,0,snapdragon,8.0,2.35,3520.0,1,4,128,6.0,60,1,android,12.2,8.0,0,4147200
google,Google Pixel 3a XL,15999,6.7,0,snapdragon,8.0,2.0,3700.0,1,4,64,6.0,60,1,android,12.2,8.0,0,2332800
google,Google Pixel 4,20120,7.8,0,snapdragon,8.0,2.8,2800.0,1,6,64,5.7,60,2,android,16.0,8.0,0,2462400
google,Google Pixel 5,36000,8.2,1,snapdragon,8.0,2.4,4080.0,1,8,128,6.0,90,2,android,16.0,8.0,0,2527200
google,Google Pixel 5A,32999,7.8,1,snapdragon,8.0,2.4,4620.0,1,6,128,6.34,60,2,android,16.0,8.0,0,2592000
google,Google Pixel 6,40480,8.4,1,google,8.0,2.8,4614.0,1,8,128,6.4,90,2,android,50.0,8.0,0,2592000
google,Google Pixel 6 Pro,54300,8.9,1,google,8.0,2.8,5003.0,1,12,128,6.71,120,3,android,50.0,11.0,0,4492800
google,Google Pixel 7 5G,53100,8.6,1,google,8.0,2.85,4355.0,1,8,128,6.3,90,2,android,50.0,11.0,0,2592000
honor,Honor 50,32990,8.5,1,snapdragon,8.0,2.4,4300.0,1,6,128,6.57,120,4,android,108.0,32.0,0,2527200
honor,Honor 60 SE 5G,24990,7.5,1,dimensity,8.0,2.0,4300.0,1,8,128,6.67,120,3,android,64.0,16.0,0,2527200
honor,Honor 70 5G,39990,8.8,1,snapdragon,8.0,2.5,4800.0,1,12,512,6.67,120,3,android,54.0,32.0,0,2592000
honor,Honor 70 5G (8GB RAM + 256GB),30990,8.6,1,snapdragon,8.0,2.5,4800.0,1,8,256,6.67,120,3,android,54.0,32.0,0,2592000
honor,Honor Play 30,9999,6.8,1,snapdragon,8.0,2.2,5000.0,0,4,128,6.5,60,1,android,13.0,5.0,1,1152000
honor,Honor X6,13999,7.1,0,helio,8.0,2.0,5000.0,1,4,64,6.5,60,3,android,50.0,5.0,1,1152000
honor,Honor X7a,13999,7.5,0,helio,8.0,2.3,5000.0,1,6,128,6.75,90,4,android,50.0,8.0,1,1152000
honor,Honor X8,16999,7.6,0,snapdragon,8.0,2.4,4000.0,1,6,128,6.7,90,4,android,64.0,16.0,0,2579040
honor,Honor X8 5G,14990,7.5,1,snapdragon,8.0,2.2,5000.0,1,6,128,6.5,60,3,android,48.0,8.0,1,1152000
honor,Honor X9 5G,16999,8.0,1,snapdragon,8.0,2.2,4800.0,1,8,128,6.81,60,3,android,48.0,16.0,0,2579040
honor,Honor X9a,27999,8.1,1,snapdragon,8.0,2.2,5100.0,1,8,256,6.67,120,3,android,64.0,16.0,0,2592000
huawei,Huawei Honor 9N,10949,6.6,0,kirin,8.0,2.36,3000.0,0,4,64,5.84,60,2,android,13.0,16.0,1,2462400
huawei,Huawei Mate 50 Pro 5G,99990,8.5,1,kirin,8.0,3.13,4500.0,1,8,256,6.76,120,3,other,64.0,13.0,0,4608000
huawei,Huawei Mate 50 RS Porsche Design,239999,8.1,0,snapdragon,8.0,3.2,4700.0,1,12,512,6.74,120,3,other,50.0,13.0,1,3170592
huawei,Huawei Nova 10,29990,8.2,0,snapdragon,8.0,2.4,4000.0,1,8,128,6.67,120,3,other,50.0,60.0,0,2592000
huawei,Huawei Nova 10 SE,23999,8.4,0,snapdragon,8.0,2.4,4500.0,1,8,256,6.67,90,3,android,108.0,16.0,1,2332800
huawei,Huawei Nova 7i,21990,8.1,0,kirin,8.0,2.2,4200.0,1,8,128,6.4,60,4,android,48.0,16.0,1,2527200
huawei,Huawei Nova 9,29990,8.3,0,snapdragon,8.0,2.4,4300.0,1,8,128,6.57,120,4,other,50.0,32.0,0,2527200
huawei,Huawei Nova 9 SE,19990,8.4,0,snapdragon,8.0,2.4,4000.0,1,8,128,6.78,90,4,android,108.0,16.0,1,2579040
huawei,Huawei Nova Y90,22990,8.2,0,snapdragon,8.0,2.4,5000.0,1,8,128,6.7,90,4,other,50.0,8.0,1,2579040
infinix,Infinix Hot 11S,9690,7.1,0,helio,8.0,2.0,5000.0,0,4,64,6.78,90,3,android,50.0,8.0,1,2678400
infinix,Infinix Hot 12,9999,7.2,0,helio,8.0,2.3,6000.0,1,4,64,6.82,90,3,android,50.0,8.0,1,1180800
infinix,Infinix Hot 12 Play,8910,6.6,0,tiger,8.0,1.82,6000.0,1,4,64,6.82,90,2,android,13.0,8.0,1,1180800
infinix,Infinix Hot 12 Pro,10850,7.4,0,tiger,8.0,2.0,5000.0,1,6,64,6.6,90,2,android,50.0,8.0,1,1160640
infinix,Infinix Hot 12 Pro (8GB RAM+ 128GB),12340,7.6,0,tiger,8.0,2.0,5000.0,1,8,128,6.6,90,2,android,50.0,8.0,1,1160640
infinix,Infinix Hot 20,17999,7.5,1,dimensity,8.0,2.4,5000.0,1,4,64,6.6,120,2,android,50.0,8.0,1,2600640
infinix,Infinix Hot 20 (6GB RAM+ 128GB),19999,7.8,1,dimensity,8.0,2.4,5000.0,1,6,128,6.6,120,2,android,50.0,8.0,1,2600640
infinix,Infinix Hot 20 Play,8999,6.7,0,helio,8.0,2.3,6000.0,1,4,64,6.82,90,2,android,13.0,8.0,1,1180800
infinix,Infinix Hot 20i,9999,6.4,0,helio,8.0,2.0,5000.0,0,3,64,6.6,60,2,android,13.0,8.0,1,1160640
infinix,Infinix Hot 20S,12999,7.7,0,helio,8.0,2.05,5000.0,1,8,128,6.78,60,2,android,50.0,8.0,1,2656800
infinix,Infinix Note 11 (6GB RAM + 128GB),12799,7.7,0,helio,8.0,2.0,5000.0,1,6,128,6.7,60,3,android,50.0,16.0,1,2592000
infinix,Infinix Note 11S (8GB RAM + 128GB),15999,7.9,0,helio,8.0,2.05,5000.0,1,8,128,6.95,120,3,android,50.0,16.0,1,2656800
infinix,Infinix Note 12,11700,7.4,0,helio,8.0,2.0,5000.0,1,4,64,6.7,60,3,android,50.0,16.0,1,2592000
infinix,Infinix Note 12 (6GB RAM + 128GB),12999,7.7,0,helio,8.0,2.0,5000.0,1,6,128,6.7,60,3,android,50.0,16.0,1,2592000
infinix,Infinix Note 12 (G96),16999,7.9,0,helio,8.0,2.05,5000.0,1,8,128,6.7,60,3,android,50.0,16.0,1,2592000
infinix,Infinix Note 12 5G,15999,7.8,1,dimensity,8.0,2.4,5000.0,1,6,64,6.7,60,3,android,50.0,16.0,1,2592000
infinix,Infinix Note 12 Pro,16900,8.3,0,helio,8.0,2.2,5000.0,1,8,256,6.7,60,3,android,108.0,16.0,1,2592000
infinix,Infinix Note 12 Pro 5G,18999,8.4,1,dimensity,8.0,2.4,5000.0,1,8,128,6.7,60,3,android,108.0,16.0,1,2592000
infinix,Infinix Note 12 Turbo,14999,7.9,0,helio,8.0,2.0,5000.0,1,8,128,6.7,60,3,android,50.0,16.0,1,2592000
infinix,Infinix Note 12 VIP,19999,8.4,0,helio,8.0,2.05,4500.0,1,8,128,6.7,120,3,android,108.0,16.0,1,2592000
infinix,Infinix Note 12i (2022),9999,7.3,0,helio,8.0,2.0,5000.0,1,4,64,6.7,60,3,android,50.0,8.0,1,2592000
infinix,Infinix Note 13 Pro,16999,8.0,0,helio,8.0,2.2,5000.0,1,6,128,6.91,60,4,android,108.0,16.0,1,2656800
infinix,Infinix Smart 6,7320,6.0,0,helio,4.0,2.0,5000.0,0,2,64,6.6,60,2,android,8.0,5.0,1,1152000
infinix,Infinix Smart 6 Plus,8299,6.3,0,helio,8.0,2.0,5000.0,0,3,64,6.82,60,2,android,8.0,5.0,1,1152000
infinix,Infinix Zero 20,17999,8.7,0,helio,8.0,2.2,4500.0,1,8,128,6.7,90,3,android,108.0,60.0,1,2592000
infinix,Infinix Zero 5G 2023,19499,8.5,1,dimensity,8.0,2.6,5000.0,1,8,256,6.78,120,3,android,50.0,16.0,1,2656800
infinix,Infinix Zero Ultra,36999,8.9,1,dimensity,8.0,2.5,4500.0,1,8,256,6.8,120,3,android,200.0,32.0,1,2592000
infinix,Infinix Zero X Pro,21990,8.5,1,helio,8.0,2.05,4500.0,1,8,128,6.67,120,3,android,108.0,16.0,1,2592000
iqoo,iQOO 11 (16GB RAM + 256GB),64999,8.9,1,snapdragon,8.0,3.2,5000.0,1,16,256,6.78,144,3,android,50.0,16.0,0,4608000
iqoo,iQOO 11 5G,59999,8.8,1,snapdragon,8.0,3.2,5000.0,1,8,256,6.78,144,3,android,50.0,16.0,0,4608000
iqoo,iQOO 11 Pro 5G,58990,8.9,1,snapdragon,8.0,3.2,4700.0,1,8,256,6.78,144,3,android,50.0,16.0,0,4608000
iqoo,iQOO 7,24990,8.3,1,snapdragon,8.0,3.2,4400.0,1,8,128,6.62,120,3,android,48.0,16.0,0,2592000
iqoo,iQOO 7 (12GB RAM + 256GB),35990,8.5,1,snapdragon,8.0,3.2,4400.0,1,12,256,6.62,120,3,android,48.0,16.0,0,2592000
iqoo,iQOO 7 Legend,39990,8.4,1,snapdragon,8.0,2.84,4000.0,1,8,128,6.62,120,3,android,48.0,16.0,0,2592000
iqoo,iQOO 9 5G,34990,8.4,1,snapdragon,8.0,2.9,4350.0,1,8,128,6.56,120,3,android,48.0,16.0,0,2566080
iqoo,iQOO 9 5G (12GB RAM + 256GB),39990,8.5,1,snapdragon,8.0,2.9,4350.0,1,12,256,6.56,120,3,android,48.0,16.0,0,2566080
iqoo,iQOO 9 Pro 5G,59990,8.8,1,snapdragon,8.0,3.0,4700.0,1,8,256,6.78,120,3,android,50.0,16.0,0,4608000
iqoo,iQOO 9 SE 5G,30990,8.3,1,snapdragon,8.0,2.84,4500.0,1,8,128,6.62,120,3,android,48.0,16.0,0,2592000
iqoo,iQOO 9 SE 5G (12GB RAM + 256GB),34949,8.5,1,snapdragon,8.0,2.84,4500.0,1,12,256,6.62,120,3,android,48.0,16.0,0,2592000
iqoo,iQOO 9T 5G,47990,8.5,1,snapdragon,8.0,3.2,4700.0,1,8,128,6.78,120,3,android,50.0,16.0,0,2592000
iqoo,iQOO Neo 6 5G,28999,8.2,1,snapdragon,8.0,3.2,4700.0,1,8,128,6.62,120,3,android,64.0,16.0,0,2592000
iqoo,iQOO Neo 6 5G (12GB RAM + 256GB),33749,8.4,1,snapdragon,8.0,3.2,4700.0,1,12,256,6.62,120,3,android,64.0,16.0,0,2592000
iqoo,iQOO Neo 6 SE 5G,22990,8.3,1,snapdragon,8.0,3.2,4700.0,1,8,128,6.62,120,3,android,64.0,16.0,0,2592000
iqoo,iQOO Neo 7 5G,29999,8.2,1,dimensity,8.0,3.1,5000.0,1,8,128,6.78,120,3,android,64.0,16.0,0,2592000
iqoo,iQOO Neo 7 Racing Edition,32990,8.4,1,snapdragon,8.0,3.2,5000.0,1,8,256,6.78,120,3,android,50.0,16.0,0,2592000
iqoo,iQOO Neo 7 SE 5G,24990,8.3,1,dimensity,8.0,3.1,5000.0,1,8,128,6.78,120,3,android,64.0,16.0,0,2592000
iqoo,iQOO Z6 4G,14489,7.7,0,snapdragon,8.0,2.4,5000.0,1,4,128,6.44,120,3,android,50.0,16.0,1,2592000
iqoo,iQOO Z6 4G (6GB RAM + 128GB),15999,8.0,0,snapdragon,8.0,2.4,5000.0,1,6,128,6.44,120,3,android,50.0,16.0,1,2592000
iqoo,iQOO Z6 5G,15499,7.8,1,snapdragon,8.0,2.2,5000.0,1,4,128,6.58,120,3,android,50.0,16.0,1,2600640
iqoo,iQOO Z6 5G (6GB RAM + 128GB),16940,8.0,1,snapdragon,8.0,2.2,5000.0,1,6,128,6.58,120,3,android,50.0,16.0,1,2600640
iqoo,iQOO Z6 5G (8GB RAM + 128GB),18498,8.2,1,snapdragon,8.0,2.2,5000.0,1,8,128,6.58,120,3,android,50.0,16.0,1,2600640
iqoo,iQOO Z6 Lite (6GB RAM + 128GB),15499,7.9,1,snapdragon,8.0,2.0,5000.0,1,6,128,6.58,120,2,android,50.0,8.0,1,2600640
iqoo,iQOO Z6 Lite 5G,13989,7.5,1,snapdragon,8.0,2.0,5000.0,1,4,64,6.58,120,2,android,50.0,8.0,1,2600640
iqoo,iQOO Z6 Pro 5G,21788,7.8,1,snapdragon,8.0,2.4,4700.0,1,6,128,6.44,90,3,android,64.0,16.0,0,2596320
iqoo,iQOO Z6 Pro 5G (12GB RAM + 256GB),27999,8.2,1,snapdragon,8.0,2.4,4700.0,1,12,256,6.44,90,3,android,64.0,16.0,0,2596320
iqoo,iQOO Z6 Pro 5G (8GB RAM + 128GB),23399,8.0,1,snapdragon,8.0,2.4,4700.0,1,8,128,6.44,90,3,android,64.0,16.0,0,2596320
iqoo,iQOO Z7 5G,17999,8.0,1,snapdragon,8.0,2.2,4200.0,1,8,128,6.67,120,3,android,50.0,16.0,0,2592000
iqoo,iQOO Z7 Pro 5G,24999,8.0,1,snapdragon,8.0,2.36,5000.0,1,6,128,6.62,144,3,android,50.0,16.0,1,2604960
iqoo,iQOO Z8 5G,14999,7.8,1,snapdragon,8.0,2.2,5000.0,1,4,128,6.58,120,3,android,50.0,16.0,1,2604960
itel,itel Vision 3,6699,6.1,0,unisoc,8.0,1.6,5000.0,1,3,64,6.6,60,2,android,8.0,5.0,1,1160640
jio,Jio JioPhone 5G,11990,6.4,1,snapdragon,8.0,2.2,5000.0,1,4,32,6.5,90,1,android,13.0,8.0,1,1152000
lava,Lava Agni 5G,17990,8.4,1,dimensity,8.0,2.4,5000.0,1,8,128,6.78,90,4,android,64.0,16.0,1,2656800
lava,Lava Blaze 5G,10999,7.3,1,dimensity,8.0,2.2,5000.0,0,4,128,6.5,90,3,android,50.0,8.0,1,1152000
lava,Lava Blaze NXT,8999,6.6,0,helio,8.0,2.3,5000.0,0,4,64,6.5,60,3,android,13.0,8.0,1,1152000
leeco,LeEco S1 Pro,10999,6.5,0,tiger,4.0,1.8,5000.0,1,8,128,6.5,60,2,android,13.0,5.0,0,1152000
leitz,Leitz Phone 2,124990,8.9,1,snapdragon,8.0,3.0,5000.0,1,12,256,6.6,240,2,android,47.2,13.0,1,3439800
lenovo,Lenovo Legion Pro 2,59999,8.9,1,snapdragon,8.0,2.84,5000.0,1,16,512,6.5,144,2,android,64.0,20.0,0,2592000
lenovo,Lenovo Legion Y90,46990,8.7,1,snapdragon,8.0,3.0,5600.0,1,12,256,6.92,144,2,android,64.0,16.0,0,2656800
letv,Letv Y1 Pro Plus,5999,6.0,0,tiger,4.0,1.8,4000.0,1,6,64,6.5,60,2,android,8.0,5.0,0,1123200
lg,LG Velvet 5G,54999,8.5,1,snapdragon,8.0,2.4,4300.0,1,6,128,6.8,60,3,android,48.0,16.0,1,2656800
lyf,Lyf Earth 1,3990,6.0,0,snapdragon,8.0,1.5,3500.0,0,3,32,5.5,60,2,android,13.0,5.0,1,2073600
micromax,Micromax IN 2B,6999,6.6,0,unisoc,8.0,1.8,5000.0,0,4,64,6.52,60,2,android,13.0,5.0,1,1152000
micromax,Micromax IN 2B (6GB RAM + 64GB),7790,6.8,0,unisoc,8.0,1.8,5000.0,0,6,64,6.52,60,2,android,13.0,5.0,1,1152000
micromax,Micromax IN 2C,5999,6.0,0,tiger,8.0,1.8,5000.0,0,3,32,6.52,60,1,android,8.0,5.0,1,1152000
motorola,Motorola Edge 20 Fusion 5G,18999,8.7,1,dimensity,8.0,2.4,5000.0,1,6,128,6.67,90,3,android,108.0,32.0,1,2592000
motorola,Motorola Edge 30 5G,22999,8.3,1,snapdragon,8.0,2.5,4020.0,1,6,128,6.5,144,3,android,50.0,32.0,0,2592000
motorola,Motorola Edge 30 5G (8GB RAM + 128GB),24999,8.5,1,snapdragon,8.0,2.5,4020.0,1,8,128,6.5,144,3,android,50.0,32.0,0,2592000
motorola,Motorola Edge 30 Fusion 5G,39999,8.8,1,snapdragon,8.0,2.9,4400.0,1,8,128,6.55,144,3,android,50.0,32.0,0,2592000
motorola,Motorola Edge 30 Pro 5G,34999,8.9,1,snapdragon,8.0,3.0,4800.0,1,8,128,6.7,144,3,android,50.0,60.0,0,2592000
motorola,Motorola Edge 40 5G,34999,8.6,1,snapdragon,8.0,2.36,4200.0,1,8,128,6.5,144,3,android,50.0,32.0,0,2604960
motorola,Motorola Edge 40 Fusion,42990,8.7,1,snapdragon,8.0,3.2,4500.0,1,8,128,6.67,144,3,android,50.0,32.0,0,2592000
motorola,Motorola Edge 40 Pro 5G,59990,8.9,1,snapdragon,8.0,3.2,4800.0,1,8,128,6.7,165,3,android,50.0,60.0,0,2656800
motorola,Motorola Edge Plus,57999,8.9,1,snapdragon,8.0,2.84,5000.0,1,12,256,6.7,90,3,android,108.0,25.0,0,2527200
motorola,Motorola Edge S,22490,8.7,1,snapdragon,8.0,3.2,5000.0,1,6,128,6.7,90,4,android,64.0,16.0,1,2721600
motorola,Motorola Moto E13,10499,6.5,0,tiger,8.0,2.0,5000.0,1,2,64,6.5,60,1,android,13.0,5.0,1,1152000
motorola,Motorola Moto E22s,9022,7.0,0,helio,8.0,2.3,5000.0,1,4,64,6.5,90,2,android,16.0,8.0,1,1152000
motorola,Motorola Moto E32,8999,7.1,0,helio,8.0,2.3,5000.0,1,4,64,6.5,90,2,android,50.0,8.0,1,1152000
motorola,Motorola Moto E32s,7990,6.5,0,helio,8.0,1.8,5000.0,1,3,32,6.5,90,3,android,16.0,8.0,1,1152000
motorola,Motorola Moto E32s (4GB RAM + 64GB),8859,6.7,0,helio,8.0,1.8,5000.0,1,4,64,6.5,90,3,android,16.0,8.0,1,1152000
motorola,Motorola Moto E40,7999,7.1,0,tiger,8.0,1.8,5000.0,0,4,64,6.5,90,3,android,48.0,8.0,1,1152000
motorola,Motorola Moto Edge 30 Neo,31990,8.4,1,snapdragon,8.0,2.2,4020.0,1,8,128,6.28,120,2,android,64.0,32.0,0,2592000
motorola,Motorola Moto Edge S30 5G,23990,8.5,1,snapdragon,8.0,2.9,5000.0,1,6,128,6.8,144,3,android,108.0,16.0,0,2656800
motorola,Motorola Moto Edge S30 Pro,34990,8.3,1,snapdragon,8.0,3.0,5000.0,1,8,128,6.67,120,3,android,64.0,16.0,0,2656800
motorola,Motorola Moto G 5G,19990,8.2,1,snapdragon,8.0,2.2,5000.0,1,6,128,6.67,60,3,android,48.0,16.0,1,2592000
motorola,Motorola Moto G13,15999,7.5,0,helio,8.0,2.0,5000.0,1,4,128,6.5,90,3,android,50.0,8.0,1,1152000
motorola,Motorola Moto G22,9499,7.5,0,helio,8.0,2.3,5000.0,1,4,64,6.53,90,4,android,50.0,16.0,1,1152000
motorola,Motorola Moto G23,19999,7.7,0,helio,8.0,2.0,5000.0,1,4,128,6.5,90,3,android,50.0,16.0,1,1152000
motorola,Motorola Moto G31,9999,7.5,0,helio,8.0,2.0,5000.0,1,4,64,6.47,60,3,android,50.0,13.0,1,2592000
motorola,Motorola Moto G31 (6GB RAM+ 128GB),11999,7.8,0,helio,8.0,2.0,5000.0,1,6,128,6.47,60,3,android,50.0,13.0,1,2592000
motorola,Motorola Moto G32,10499,7.5,0,snapdragon,8.0,2.4,5000.0,1,4,64,6.55,90,3,android,50.0,16.0,1,2592000
motorola,Motorola Moto G40 Fusion,14499,7.7,0,snapdragon,8.0,2.3,6000.0,1,4,64,6.78,120,3,android,64.0,16.0,1,2656800
motorola,Motorola Moto G42,10999,7.8,0,snapdragon,8.0,2.4,5000.0,1,4,64,6.47,60,3,android,50.0,16.0,1,2592000
motorola,Motorola Moto G51 5G,12999,7.7,1,snapdragon,8.0,2.2,5000.0,0,4,64,6.8,120,3,android,50.0,13.0,1,2592000
motorola,Motorola Moto G52,11999,7.5,0,snapdragon,8.0,2.4,5000.0,1,4,64,6.6,90,3,android,50.0,16.0,1,2656800
motorola,Motorola Moto G52 (6GB RAM + 128GB),12999,7.9,0,snapdragon,8.0,2.4,5000.0,1,6,128,6.6,90,3,android,50.0,16.0,1,2656800
motorola,Motorola Moto G52 5G,16999,7.6,1,snapdragon,8.0,2.2,5000.0,1,4,64,6.6,90,3,android,50.0,16.0,1,2656800
motorola,Motorola Moto G53,21999,7.9,1,snapdragon,8.0,2.2,5000.0,1,4,128,6.5,120,2,android,50.0,16.0,1,1152000
motorola,Motorola Moto G60,15999,8.4,0,snapdragon,8.0,2.3,6000.0,1,6,128,6.78,120,3,android,108.0,32.0,1,2656800
motorola,Motorola Moto G62 (8GB RAM + 128GB),16499,8.4,1,snapdragon,8.0,2.2,5000.0,1,8,128,6.55,120,3,android,50.0,16.0,1,2592000
motorola,Motorola Moto G62 5G,14999,8.1,1,snapdragon,8.0,2.2,5000.0,1,6,128,6.55,120,3,android,50.0,16.0,1,2592000
motorola,Motorola Moto G71 5G,16999,8.0,1,snapdragon,8.0,2.2,5000.0,1,6,128,6.4,60,3,android,50.0,16.0,0,2592000
motorola,Motorola Moto G72,19990,8.1,1,snapdragon,8.0,2.2,5000.0,1,6,128,6.5,120,3,android,108.0,16.0,0,2592000
motorola,Motorola Moto G72 4G,15999,8.3,0,helio,8.0,2.2,5000.0,1,6,128,6.55,120,3,android,108.0,16.0,1,2592000
motorola,Motorola Moto G73,25999,8.5,1,dimensity,8.0,2.2,5000.0,1,8,256,6.5,120,2,android,50.0,16.0,1,2592000
motorola,Motorola Moto G82 (8GB RAM + 128GB),20499,8.6,1,snapdragon,8.0,2.2,5000.0,1,8,128,6.6,120,3,android,50.0,16.0,1,2592000
motorola,Motorola Moto G82 5G,18999,8.3,1,snapdragon,8.0,2.2,5000.0,1,6,128,6.6,120,3,android,50.0,16.0,1,2592000
motorola,Motorola Moto G91 5G,19990,8.0,1,snapdragon,8.0,2.2,5000.0,1,6,128,6.8,60,3,android,108.0,32.0,1,2592000
motorola,Motorola Moto S30 Pro,23990,8.3,1,snapdragon,8.0,2.9,4400.0,1,8,128,6.55,144,3,android,50.0,32.0,0,2656800
motorola,Motorola Moto X40,39999,8.9,1,snapdragon,8.0,3.2,4600.0,1,8,128,6.7,165,3,android,50.0,60.0,0,2592000
motorola,Motorola One Fusion Plus,19499,8.0,0,snapdragon,8.0,2.2,5000.0,1,6,128,6.5,60,4,android,64.0,16.0,1,2527200
motorola,Motorola One Macro,11490,6.8,0,helio,8.0,2.0,4000.0,1,4,64,6.2,60,3,android,13.0,8.0,1,1094400
motorola,Motorola ThinkPhone,49990,8.9,1,snapdragon,8.0,3.2,5000.0,1,8,128,6.6,144,3,android,50.0,32.0,0,2592000
nokia,Nokia C21 Plus (4GB RAM + 64GB),8999,6.4,0,unisoc,8.0,1.6,5050.0,0,4,64,6.52,60,2,android,13.0,5.0,1,1152000
nokia,Nokia C31,9499,6.2,0,unisoc,8.0,1.6,5050.0,1,3,32,6.74,60,3,android,13.0,5.0,1,1152000
nokia,Nokia G11 Plus,10499,7.0,0,unisoc,8.0,1.6,5000.0,1,4,64,6.52,90,2,android,50.0,8.0,1,1152000
nokia,Nokia G21,11999,7.1,0,unisoc,8.0,1.6,5050.0,1,4,64,6.5,90,3,android,50.0,8.0,1,1152000
nokia,Nokia G21 (6GB RAM + 128GB),13499,7.5,0,unisoc,8.0,1.6,5050.0,1,6,128,6.5,90,3,android,50.0,8.0,1,1152000
nokia,Nokia G60,28498,8.1,1,snapdragon,8.0,2.2,4500.0,1,6,128,6.58,120,3,android,50.0,8.0,1,2592000
nokia,Nokia X100 5G,17990,8.2,1,snapdragon,8.0,2.0,4470.0,1,6,128,6.67,60,4,android,48.0,16.0,1,2592000
nokia,Nokia X30,41990,8.5,1,snapdragon,8.0,2.2,4200.0,1,6,128,6.43,90,2,android,50.0,16.0,1,2592000
nokia,Nokia X60 5G,39990,8.7,1,snapdragon,8.0,3.2,6000.0,1,6,128,6.51,144,4,other,200.0,16.0,1,2592000
nothing,Nothing Phone 1,26749,8.5,1,snapdragon,8.0,2.5,4500.0,1,8,128,6.55,120,2,android,50.0,16.0,0,2592000
nothing,Nothing Phone 1 (12GB RAM + 256GB),35999,8.7,1,snapdragon,8.0,2.5,4500.0,1,12,256,6.55,120,2,android,50.0,16.0,0,2592000
nothing,Nothing Phone 1 (8GB RAM + 256GB),28249,8.6,1,snapdragon,8.0,2.5,4500.0,1,8,256,6.55,120,2,android,50.0,16.0,0,2592000
nothing,Nothing Phone 1 Lite,24990,8.0,1,snapdragon,8.0,2.5,5000.0,1,6,128,6.55,120,2,android,50.0,16.0,0,2592000
nothing,Nothing Phone 2,39990,8.8,1,snapdragon,8.0,3.2,4700.0,1,8,128,6.67,120,3,android,50.0,32.0,0,2592000
nubia,Nubia Red Magic 6S 5G,44999,8.4,1,snapdragon,8.0,2.9,5050.0,1,8,128,6.8,165,3,android,64.0,8.0,0,2592000
nubia,Nubia Red Magic 7S Pro,60990,8.6,1,snapdragon,8.0,3.2,5000.0,1,12,256,6.8,120,3,android,64.0,8.0,0,2592000
nubia,Nubia Red Magic 8 Pro 5G,46990,8.4,1,snapdragon,8.0,3.2,6000.0,1,8,128,6.8,120,3,android,50.0,16.0,0,2767680
nubia,Nubia Red Magic 8 Pro Plus,60999,8.6,1,snapdragon,8.0,3.2,5000.0,1,12,256,6.8,120,3,android,50.0,16.0,0,2767680
nubia,Nubia Z40 Pro 5G,49990,8.4,1,snapdragon,8.0,3.0,5000.0,1,8,128,6.67,144,3,android,64.0,16.0,0,2592000
nubia,Nubia Z50,34999,8.2,1,snapdragon,8.0,3.2,5000.0,1,8,128,6.67,144,3,android,64.0,16.0,0,2592000
oneplus,OnePlus 10 Pro 5G,60999,8.9,1,snapdragon,8.0,3.0,5000.0,1,8,128,6.7,120,3,android,50.0,32.0,0,4631040
oneplus,OnePlus 10R 5G,32999,8.6,1,dimensity,8.0,2.85,5000.0,1,8,128,6.7,120,3,android,50.0,16.0,0,2604960
oneplus,OnePlus 10R 5G (12GB RAM + 256GB),36999,8.7,1,dimensity,8.0,2.85,5000.0,1,12,256,6.7,120,3,android,50.0,16.0,0,2604960
oneplus,OnePlus 10R Prime Edition,35389,8.5,1,dimensity,8.0,2.85,5000.0,1,8,128,6.7,120,3,android,50.0,16.0,0,2604960
oneplus,OnePlus 10T,44999,8.5,1,snapdragon,8.0,3.2,4800.0,1,8,128,6.7,120,3,android,50.0,16.0,0,2604960
oneplus,OnePlus 10T (12GB RAM + 256GB),50999,8.7,1,snapdragon,8.0,3.2,4800.0,1,12,256,6.7,120,3,android,50.0,16.0,0,2604960
oneplus,OnePlus 10T (16GB RAM + 256GB),55999,8.7,1,snapdragon,8.0,3.2,4800.0,1,16,256,6.7,120,3,android,50.0,16.0,0,2604960
oneplus,OnePlus 11 5G,54999,8.9,1,snapdragon,8.0,3.2,5000.0,1,12,256,6.7,120,3,android,50.0,16.0,0,4631040
oneplus,OnePlus 11R,39999,8.5,1,snapdragon,8.0,3.2,5000.0,1,8,128,6.7,120,3,android,50.0,16.0,0,2604960
oneplus,OnePlus 6 (8GB RAM + 128GB),27999,7.7,0,snapdragon,8.0,2.8,3300.0,0,8,128,6.28,60,2,android,20.0,16.0,0,2462400
oneplus,OnePlus 9 Pro,64800,8.9,1,snapdragon,8.0,2.84,4500.0,1,8,128,6.7,120,4,android,48.0,16.0,0,4631040
oneplus,OnePlus 9RT 5G,42999,8.5,1,snapdragon,8.0,2.84,4500.0,1,8,128,6.62,120,3,android,50.0,16.0,0,2592000
oneplus,OnePlus 9T,44999,8.6,1,snapdragon,8.0,2.84,4500.0,1,8,128,6.55,120,4,android,108.0,16.0,0,2592000
oneplus,OnePlus Ace 2,34999,8.4,1,snapdragon,8.0,3.2,5000.0,1,8,128,6.7,120,3,android,50.0,16.0,0,2604960
oneplus,OnePlus Ace 5G,28990,8.4,1,dimensity,8.0,2.85,4500.0,1,8,128,6.7,120,3,android,50.0,16.0,0,2604960
oneplus,OnePlus Ace Pro,47990,8.6,1,snapdragon,8.0,3.2,4800.0,1,12,256,6.7,120,3,android,50.0,16.0,0,2604960
oneplus,OnePlus Ace Racing Edition 5G,22990,8.3,1,dimensity,8.0,2.85,5000.0,1,8,128,6.59,120,3,android,64.0,16.0,0,2604960
oneplus,OnePlus Clover,14999,6.9,0,snapdragon,8.0,1.8,6000.0,1,4,64,6.52,60,3,android,13.0,8.0,1,1123200
oneplus,OnePlus Nord 2 Lite 5G,22999,8.3,1,snapdragon,8.0,2.2,5000.0,1,8,128,6.59,120,3,android,64.0,16.0,1,2604960
oneplus,OnePlus Nord 2T (12GB RAM + 256GB),33900,8.5,1,dimensity,8.0,3.0,4500.0,1,12,256,6.43,90,3,android,50.0,32.0,0,2592000
oneplus,OnePlus Nord 2T 5G,28999,8.4,1,dimensity,8.0,3.0,4500.0,1,8,128,6.43,90,3,android,50.0,32.0,0,2592000
oneplus,OnePlus Nord 3 5G,27999,8.4,1,dimensity,8.0,3.1,4200.0,1,8,128,6.43,90,3,android,50.0,32.0,0,2592000
oneplus,OnePlus Nord 3T 5G,29990,8.4,1,dimensity,8.0,3.0,4500.0,1,8,128,6.43,90,3,android,50.0,32.0,0,2592000
oneplus,OnePlus Nord 4 5G,29999,8.3,1,snapdragon,8.0,2.36,4500.0,1,8,128,6.43,120,3,android,50.0,32.0,0,2604960
oneplus,OnePlus Nord CE 2 Lite 5G,19989,8.1,1,snapdragon,8.0,2.2,5000.0,1,6,128,6.59,120,3,android,64.0,16.0,1,2604960
oneplus,OnePlus Nord CE 2 Lite 5G (8GB RAM + 128GB),21995,8.4,1,snapdragon,8.0,2.2,5000.0,1,8,128,6.59,120,3,android,64.0,16.0,1,2604960
oneplus,OnePlus Nord CE 2 Lite 5G (8GB RAM + 256GB),24999,8.5,1,snapdragon,8.0,2.2,5000.0,1,8,256,6.59,120,3,android,64.0,16.0,1,2604960
oneplus,OnePlus Nord CE 3 5G,21999,8.3,1,snapdragon,8.0,2.2,5000.0,1,6,128,6.7,120,3,android,108.0,16.0,1,2604960
oneplus,OnePlus Nord CE 3 Lite 5G,18999,8.1,1,snapdragon,8.0,2.2,5000.0,1,6,128,6.59,120,3,android,50.0,16.0,1,2604960
oneplus,OnePlus Nord Lite,19999,7.7,0,snapdragon,8.0,2.0,4300.0,1,8,128,6.55,90,3,android,48.0,16.0,0,2592000
oneplus,OnePlus Nord N10,25595,8.1,1,snapdragon,8.0,2.0,4300.0,1,6,128,6.49,90,4,android,64.0,16.0,1,2592000
oneplus,OnePlus Nord N100,16990,6.8,0,snapdragon,8.0,1.8,5000.0,1,4,64,6.52,90,3,android,13.0,8.0,1,1152000
oneplus,OnePlus Nord N20 5G,20990,8.1,1,snapdragon,8.0,2.2,4500.0,1,6,128,6.43,60,3,android,64.0,16.0,1,2592000
oneplus,OnePlus Nord N200,16990,7.5,1,snapdragon,8.0,2.0,5000.0,1,4,64,6.49,90,3,android,13.0,16.0,1,2592000
oneplus,OnePlus Nord N300,18990,7.5,1,dimensity,8.0,2.4,5000.0,1,4,64,6.56,90,2,android,48.0,16.0,1,1160640
oneplus,OnePlus Nord SE,19999,7.3,0,snapdragon,8.0,2.0,4500.0,1,4,64,6.3,60,4,android,48.0,13.0,1,2592000
oneplus,OnePlus Z,24999,7.9,0,snapdragon,8.0,2.4,4300.0,1,8,128,6.55,90,3,android,64.0,16.0,0,2592000
oppo,OPPO A1 Pro,20990,8.4,1,snapdragon,8.0,2.2,4800.0,1,8,128,6.7,120,2,android,108.0,16.0,1,2604960
oppo,Oppo A12,9990,6.4,0,helio,8.0,1.8,4230.0,0,3,32,6.22,60,2,android,13.0,5.0,1,1094400
oppo,OPPO A15,9999,6.6,0,helio,8.0,2.3,4230.0,0,3,32,6.52,60,3,android,13.0,5.0,1,1152000
oppo,Oppo A15s (4GB RAM + 128GB),11490,7.2,0,helio,8.0,2.3,4230.0,0,4,128,6.52,60,3,android,13.0,8.0,1,1152000
oppo,OPPO A16,11999,6.9,0,helio,8.0,2.3,5000.0,0,4,64,6.52,60,3,android,13.0,8.0,1,1152000
oppo,OPPO A16e,8999,6.5,0,helio,8.0,2.0,4230.0,0,3,32,6.52,60,1,android,13.0,5.0,1,1152000
oppo,OPPO A16e (4GB RAM + 64GB),8999,6.8,0,helio,8.0,2.0,4230.0,0,4,64,6.52,60,1,android,13.0,5.0,1,1152000
oppo,OPPO A16K (4GB RAM + 64GB),10999,6.6,0,helio,8.0,2.3,4230.0,0,4,64,6.52,60,1,android,13.0,5.0,1,1152000
oppo,OPPO A17,12499,7.2,0,helio,8.0,2.3,5000.0,1,4,64,6.56,60,2,android,50.0,5.0,1,1160640
oppo,OPPO A17K,9499,6.2,0,helio,8.0,2.3,5000.0,0,3,64,6.56,60,1,android,8.0,5.0,1,1160640
oppo,Oppo A31 2020 (6GB RAM + 128GB),12490,7.2,0,helio,8.0,2.3,4230.0,0,6,128,6.5,60,3,android,12.0,8.0,1,1152000
oppo,OPPO A53 2020 (6GB RAM + 128GB),13990,7.0,0,snapdragon,8.0,1.8,5000.0,1,6,128,6.5,90,3,android,13.0,16.0,1,1152000
oppo,OPPO A54,12199,7.0,0,helio,8.0,2.3,5000.0,1,4,64,6.51,60,3,android,13.0,16.0,1,1152000
oppo,OPPO A54 (4GB RAM + 128GB),11990,7.1,0,helio,8.0,2.3,5000.0,1,4,128,6.51,60,3,android,13.0,16.0,1,1152000
oppo,OPPO A54 (6GB RAM + 128GB),14999,7.4,0,helio,8.0,2.3,5000.0,1,6,128,6.51,60,3,android,13.0,16.0,1,1152000
oppo,OPPO A55 4G,13499,7.3,0,helio,8.0,2.3,5000.0,1,4,64,6.51,60,3,android,50.0,16.0,1,1152000
oppo,OPPO A55 4G (6GB RAM + 128GB),14700,7.6,0,helio,8.0,2.3,5000.0,1,6,128,6.51,60,3,android,50.0,16.0,1,1152000
oppo,OPPO A55 5G,17990,7.4,1,dimensity,8.0,2.2,5000.0,0,6,128,6.5,60,3,android,13.0,8.0,1,1152000
oppo,Oppo A56 5G,17990,7.3,1,dimensity,8.0,2.2,5000.0,0,6,128,6.5,60,2,android,13.0,8.0,1,1152000
oppo,Oppo A56s,12999,7.5,1,dimensity,8.0,2.4,5000.0,0,8,128,6.56,60,2,android,13.0,8.0,1,1160640
oppo,OPPO A57 4G,11990,6.7,0,helio,8.0,2.3,5000.0,1,3,64,6.56,60,2,android,13.0,8.0,1,1160640
oppo,OPPO A57 4G (4GB RAM + 64 GB),13969,6.9,0,helio,8.0,2.3,5000.0,1,4,64,6.56,60,2,android,13.0,8.0,1,1160640
oppo,OPPO A58,18990,7.6,1,dimensity,8.0,2.2,5000.0,1,6,128,6.56,90,2,android,50.0,8.0,1,1160640
oppo,OPPO A58x,13990,7.2,1,dimensity,8.0,2.2,5000.0,1,6,128,6.56,90,2,android,13.0,8.0,1,1160640
oppo,OPPO A73,15990,6.2,0,helio,8.0,2.5,3200.0,0,3,32,6.0,60,1,android,13.0,16.0,1,2332800
oppo,OPPO A74 5G,15490,7.7,1,snapdragon,8.0,2.0,5000.0,1,6,128,6.5,90,3,android,48.0,8.0,1,2592000
oppo,OPPO A76,16490,7.3,0,snapdragon,8.0,2.4,5000.0,1,6,128,6.56,90,2,android,13.0,8.0,1,1160640
oppo,OPPO A77,15499,7.0,0,helio,8.0,2.3,5000.0,1,4,64,6.56,60,2,android,50.0,8.0,1,1152000
oppo,OPPO A77 (4GB RAM + 128 GB),15998,7.1,0,helio,8.0,2.3,5000.0,1,4,128,6.56,60,2,android,50.0,8.0,1,1152000
oppo,Oppo A77 5G,21990,7.6,1,snapdragon,8.0,2.4,5000.0,1,6,128,6.56,90,2,android,48.0,8.0,1,1152000
oppo,OPPO A77s,17999,7.6,0,snapdragon,8.0,2.4,5000.0,1,8,128,6.56,90,2,android,50.0,8.0,1,1152000
oppo,Oppo A78,18999,7.9,1,dimensity,8.0,2.2,5000.0,1,8,128,6.56,90,2,android,50.0,8.0,1,1160640
oppo,OPPO A96 4G,17999,8.0,0,snapdragon,8.0,2.4,5000.0,1,8,128,6.59,90,2,android,50.0,16.0,1,2604960
oppo,Oppo A96 5G,22990,8.2,1,snapdragon,8.0,2.2,4500.0,1,8,256,6.43,60,2,android,48.0,16.0,1,2592000
oppo,OPPO A97 5G,23990,7.9,1,dimensity,8.0,2.4,5000.0,1,12,256,6.56,90,2,android,48.0,8.0,1,2592000
oppo,Oppo A98,30990,8.7,1,snapdragon,8.0,3.0,5000.0,1,8,128,6.7,120,2,android,108.0,16.0,1,2604960
oppo,OPPO F17 Pro,18990,8.3,0,helio,8.0,2.2,4015.0,1,8,128,6.43,60,4,android,48.0,16.0,1,2592000
oppo,OPPO F19,14990,7.8,0,snapdragon,8.0,2.0,5000.0,1,6,128,6.4,60,3,android,48.0,16.0,1,2592000
oppo,OPPO F19 Pro,17994,8.0,0,helio,8.0,2.2,4310.0,1,8,128,6.43,60,4,android,48.0,16.0,1,2592000
oppo,OPPO F19 Pro Plus 5G,19990,8.2,1,dimensity,8.0,2.4,4310.0,1,8,128,6.43,60,4,android,48.0,16.0,1,2592000
oppo,OPPO F19s,15988,7.9,0,snapdragon,8.0,2.0,5000.0,1,6,128,6.43,60,3,android,48.0,16.0,1,2592000
oppo,OPPO F21 Pro 4G,20999,8.2,0,snapdragon,8.0,2.4,4500.0,1,8,128,6.5,90,3,android,64.0,32.0,1,2592000
oppo,OPPO F21 Pro 5G,25969,8.2,1,snapdragon,8.0,2.2,4500.0,1,8,128,6.43,60,3,android,64.0,16.0,1,2592000
oppo,OPPO F21s Pro,25895,8.2,1,snapdragon,8.0,2.2,4500.0,1,8,128,6.43,60,3,android,64.0,16.0,1,2592000
oppo,OPPO F21s Pro 4G,21899,8.2,0,snapdragon,8.0,2.4,4500.0,1,8,128,6.43,90,3,android,64.0,32.0,1,2592000
oppo,OPPO F22 Pro,27660,8.3,1,snapdragon,8.0,2.2,4800.0,1,8,128,6.58,120,3,android,64.0,32.0,1,2592000
oppo,OPPO F23 Pro,19990,8.2,1,snapdragon,8.0,2.2,4500.0,1,8,128,6.5,90,3,android,64.0,32.0,1,2592000
oppo,OPPO F23 Pro Plus 5G,27990,8.3,1,snapdragon,8.0,2.36,4500.0,1,8,128,6.43,90,4,android,50.0,16.0,1,2656800
oppo,Oppo Find X6,69990,8.9,1,snapdragon,8.0,3.2,4700.0,1,8,256,6.73,120,3,android,50.0,32.0,0,2592000
oppo,OPPO K10,13490,7.8,0,snapdragon,8.0,2.4,5000.0,1,6,128,6.59,90,3,android,50.0,16.0,1,2604960
oppo,OPPO K10 (8GB RAM + 128GB),16990,8.0,0,snapdragon,8.0,2.4,5000.0,1,8,128,6.59,90,3,android,50.0,16.0,1,2604960
oppo,OPPO K10 5G,16999,7.9,1,dimensity,8.0,2.4,5000.0,1,8,128,6.56,90,2,android,48.0,8.0,1,1160640
oppo,Oppo K10 Pro 5G,29990,8.1,1,snapdragon,8.0,2.84,5000.0,1,8,128,6.62,120,3,android,50.0,16.0,0,2592000
oppo,Oppo K10x 5G,16990,7.8,1,snapdragon,8.0,2.2,5000.0,1,6,128,6.59,120,3,android,64.0,16.0,0,2604960
oppo,Oppo K5 (8GB RAM + 128GB),19990,8.2,0,snapdragon,8.0,2.2,4000.0,1,8,128,6.4,60,4,android,64.0,32.0,1,2527200
oppo,OPPO Reno 10,32999,8.4,1,snapdragon,8.0,2.5,5000.0,1,8,256,6.73,120,3,android,50.0,32.0,0,2604960
oppo,OPPO Reno 10 Pro,42990,8.6,1,dimensity,8.0,3.05,5000.0,1,16,256,6.73,120,2,android,50.0,32.0,0,2604960
oppo,Oppo Reno 10 Pro Plus,58990,8.8,1,snapdragon,8.0,3.2,4700.0,1,12,256,6.73,120,4,android,64.0,32.0,0,2604960
oppo,Oppo Reno 5,29990,8.3,1,snapdragon,8.0,2.4,4300.0,1,8,128,6.43,60,4,android,64.0,32.0,0,2592000
oppo,Oppo Reno 5 Pro 5G,38700,8.4,1,dimensity,8.0,2.6,4350.0,1,8,128,6.53,90,4,android,64.0,32.0,0,2592000
oppo,Oppo Reno 5A,22990,8.0,1,snapdragon,8.0,2.4,4000.0,1,6,128,6.5,90,4,android,64.0,16.0,1,2592000
oppo,OPPO Reno 6,26380,8.3,1,dimensity,8.0,2.0,4300.0,1,8,128,6.43,90,3,android,64.0,32.0,0,2592000
oppo,OPPO Reno 6 Pro 5G,36760,8.7,1,dimensity,8.0,3.0,4500.0,1,12,256,6.55,90,4,android,64.0,32.0,0,2592000
oppo,OPPO Reno 6 Pro Plus 5G,44990,8.7,1,snapdragon,8.0,3.2,4500.0,1,8,128,6.55,90,4,android,50.0,32.0,0,2592000
oppo,OPPO Reno 8 House of Dragon Edition,32990,8.4,1,dimensity,8.0,3.0,4500.0,1,8,128,6.43,90,3,android,50.0,32.0,0,2592000
oppo,Oppo Reno 8 Pro (8GB RAM + 256GB),42990,8.5,1,dimensity,8.0,2.85,4500.0,1,8,256,6.7,120,3,android,50.0,32.0,0,2604960
oppo,OPPO Reno 8 Pro 5G,45999,8.6,1,dimensity,8.0,2.85,4500.0,1,12,256,6.7,120,3,android,50.0,32.0,0,2604960
oppo,OPPO Reno 8 Pro House of Dragon Edition,45999,8.6,1,dimensity,8.0,2.85,4500.0,1,12,256,6.7,120,3,android,50.0,32.0,0,2604960
oppo,OPPO Reno 8 Z,26990,8.6,1,snapdragon,8.0,2.2,4500.0,1,8,256,6.43,60,3,android,64.0,16.0,1,2592000
oppo,Oppo Reno 8T,29990,8.7,1,snapdragon,8.0,2.2,5000.0,1,8,256,6.67,120,3,android,108.0,16.0,1,2592000
oppo,Oppo Reno 8T 4G,19999,8.3,0,helio,8.0,2.2,5000.0,1,8,256,6.67,120,3,android,50.0,16.0,1,2592000
oppo,OPPO Reno 9 5G,28499,8.3,1,snapdragon,8.0,2.4,4500.0,1,8,256,6.7,120,2,android,64.0,32.0,0,2604960
oppo,OPPO Reno 9 Pro 5G,39999,8.6,1,dimensity,8.0,2.85,4500.0,1,16,256,6.7,120,2,android,50.0,32.0,0,2604960
oppo,OPPO Reno 9 Pro Plus,45999,8.6,1,snapdragon,8.0,3.2,4700.0,1,16,256,6.7,120,3,android,50.0,32.0,0,2604960
oppo,OPPO Reno 9 Z,22990,8.4,1,snapdragon,8.0,2.2,4800.0,1,8,128,6.58,120,3,android,50.0,32.0,1,2592000
oppo,OPPO Reno7 5G,25994,8.5,1,dimensity,8.0,2.0,4500.0,1,8,256,6.43,90,3,android,64.0,32.0,1,2592000
oppo,OPPO Reno7 Pro 5G,31994,8.7,1,dimensity,8.0,3.0,4500.0,1,12,256,6.55,90,3,android,50.0,32.0,1,2592000
oppo,OPPO Reno7 Z 5G,17999,8.4,1,snapdragon,8.0,2.2,4500.0,1,8,128,6.43,60,3,android,64.0,16.0,1,2592000
oppo,OPPO Reno8 5G,29340,8.3,1,dimensity,8.0,3.0,4500.0,1,8,128,6.43,90,3,android,50.0,32.0,0,2592000
oppo,OPPO X 2021,134999,8.6,0,snapdragon,8.0,2.84,4000.0,1,8,256,7.4,60,3,android,64.0,16.0,0,4608000
oukitel,Oukitel WP19,29990,8.4,0,helio,8.0,2.0,21000.0,1,8,256,6.78,60,3,android,64.0,16.0,1,2592000
oukitel,Oukitel WP9,25899,7.2,0,helio,8.0,2.0,8000.0,0,6,128,5.86,60,3,android,16.0,8.0,1,1094400
poco,POCO C31,6499,6.5,0,helio,8.0,2.3,5000.0,0,3,32,6.53,60,3,android,13.0,5.0,1,1152000
poco,POCO C31 (4GB RAM + 64GB),7499,6.8,0,helio,8.0,2.3,5000.0,0,4,64,6.53,60,3,android,13.0,5.0,1,1152000
poco,Poco C50 (3GB RAM + 32GB),7299,6.1,0,helio,4.0,2.0,5000.0,1,3,32,6.52,60,2,android,8.0,5.0,1,1152000
poco,Poco C55,7999,7.0,0,helio,8.0,2.0,5000.0,0,4,64,6.71,60,2,android,50.0,5.0,1,1188000
poco,Poco F3 GT,32999,7.9,1,dimensity,8.0,3.0,5065.0,1,6,128,6.67,120,3,android,64.0,16.0,0,2592000
poco,Poco F4 (12GB RAM + 256GB),29999,8.6,1,snapdragon,8.0,3.2,4500.0,1,12,256,6.67,120,3,android,64.0,20.0,0,2592000
poco,Poco F4 5G,25999,8.2,1,snapdragon,8.0,3.2,4500.0,1,6,128,6.67,120,3,android,64.0,20.0,0,2592000
poco,Poco F4 5G (8GB RAM + 128GB),27999,8.5,1,snapdragon,8.0,3.2,4500.0,1,8,128,6.67,120,3,android,64.0,20.0,0,2592000
poco,POCO F4 GT 5G,39999,8.6,1,snapdragon,8.0,3.0,4700.0,1,8,128,6.67,120,3,android,64.0,20.0,0,2592000
poco,Poco F5,34990,8.5,1,snapdragon,8.0,3.2,4700.0,1,8,128,6.7,120,3,android,64.0,32.0,0,2592000
poco,POCO F5 GT 5G,42999,8.6,1,dimensity,8.0,3.0,4500.0,1,8,128,6.67,120,3,android,64.0,20.0,0,2604960
poco,Poco F5 Pro,29999,8.4,1,snapdragon,8.0,3.2,5500.0,1,8,128,6.67,120,3,android,64.0,16.0,0,4608000
poco,Poco M2,10890,7.4,0,helio,8.0,2.0,5000.0,1,6,64,6.53,60,4,android,13.0,8.0,1,2527200
poco,POCO M2 Pro,12799,7.6,0,snapdragon,8.0,2.3,5000.0,1,4,64,6.67,60,4,android,48.0,16.0,1,2592000
poco,Poco M3,11499,7.5,0,snapdragon,8.0,2.0,6000.0,1,6,64,6.53,60,3,android,48.0,8.0,1,2527200
poco,POCO M3 Pro 5G,15999,7.5,1,dimensity,8.0,2.2,5000.0,1,4,64,6.5,90,3,android,48.0,8.0,1,2592000
poco,POCO M3 Pro 5G (6GB RAM + 128GB),14799,7.9,1,dimensity,8.0,2.2,5000.0,1,6,128,6.5,90,3,android,48.0,8.0,1,2592000
poco,Poco M4 5G,11499,7.5,1,dimensity,8.0,2.2,5000.0,1,4,64,6.58,90,2,android,50.0,8.0,1,2592000
poco,Poco M4 5G (6GB RAM + 128GB),13499,7.9,1,dimensity,8.0,2.2,5000.0,1,6,128,6.58,90,2,android,50.0,8.0,1,2592000
poco,POCO M4 Pro 4G,11999,7.7,0,helio,8.0,2.05,5000.0,1,6,64,6.43,90,3,android,64.0,16.0,1,2592000
poco,POCO M4 Pro 4G (6GB RAM + 128GB),12999,7.9,0,helio,8.0,2.05,5000.0,1,6,128,6.43,90,3,android,64.0,16.0,1,2592000
poco,POCO M4 Pro 4G (8GB RAM + 128GB),13999,8.1,0,helio,8.0,2.05,5000.0,1,8,128,6.43,90,3,android,64.0,16.0,1,2592000
poco,Poco M4 Pro 5G,12999,7.6,1,dimensity,8.0,2.4,5000.0,1,4,64,6.6,90,2,android,50.0,16.0,1,2592000
poco,Poco M4 Pro 5G (6GB RAM + 128GB),14999,8.1,1,dimensity,8.0,2.4,5000.0,1,6,128,6.6,90,2,android,50.0,16.0,1,2592000
poco,Poco M4 Pro 5G (8GB RAM + 128GB),15999,8.2,1,dimensity,8.0,2.4,5000.0,1,8,128,6.6,90,2,android,50.0,16.0,1,2592000
poco,Poco M5,10799,7.4,0,helio,8.0,2.2,5000.0,1,4,64,6.58,90,3,android,50.0,8.0,1,2592000
poco,Poco M5 (6GB RAM + 128GB),14499,7.7,0,helio,8.0,2.2,5000.0,1,6,128,6.58,90,3,android,50.0,8.0,1,2592000
poco,Poco M6 Pro,19990,8.4,1,dimensity,8.0,2.5,5100.0,1,8,128,6.73,120,3,android,108.0,32.0,1,2592000
poco,Poco X3,13499,8.0,0,snapdragon,8.0,2.3,6000.0,1,6,64,6.67,120,4,android,64.0,20.0,1,2592000
poco,Poco X3 Pro,19650,8.2,0,snapdragon,8.0,2.96,5160.0,1,6,128,6.67,120,4,android,48.0,20.0,1,2592000
poco,Poco X4,14990,7.9,1,dimensity,8.0,2.2,5000.0,1,6,128,6.67,120,3,android,50.0,16.0,1,2592000
poco,POCO X4 GT 5G,24990,8.4,1,dimensity,8.0,2.85,5080.0,1,8,128,6.6,144,3,android,64.0,16.0,0,2656800
poco,POCO X4 GT 5G (8GB RAM + 256GB),28990,8.5,1,dimensity,8.0,2.85,5080.0,1,8,256,6.6,144,3,android,64.0,16.0,0,2656800
poco,Poco X4 Pro 5G,14999,8.0,1,snapdragon,8.0,2.2,5000.0,1,6,64,6.67,120,3,android,64.0,16.0,1,2592000
poco,Poco X4 Pro 5G (6GB RAM + 128GB),16499,8.2,1,snapdragon,8.0,2.2,5000.0,1,6,128,6.67,120,3,android,64.0,16.0,1,2592000
poco,Poco X4 Pro 5G (8GB RAM + 128GB),17999,8.4,1,snapdragon,8.0,2.2,5000.0,1,8,128,6.67,120,3,android,64.0,16.0,1,2592000
poco,Poco X5,14999,7.4,1,snapdragon,8.0,2.2,5000.0,1,4,128,6.67,120,3,android,48.0,8.0,0,2592000
poco,POCO X5 GT,29990,8.4,1,dimensity,8.0,3.2,5000.0,1,8,128,6.7,144,3,android,64.0,32.0,0,2592000
poco,Poco X5 Pro,20999,8.1,1,snapdragon,8.0,2.4,5000.0,1,6,128,6.67,120,3,android,108.0,16.0,0,2592000
realme,Realme 10,13999,7.4,0,helio,8.0,2.2,5000.0,1,4,64,6.4,90,2,android,50.0,16.0,1,2592000
realme,Realme 10 (8GB RAM + 128GB),16999,7.9,0,helio,8.0,2.2,5000.0,1,8,128,6.4,90,2,android,50.0,16.0,1,2592000
realme,Realme 10 5G,14499,7.9,1,dimensity,8.0,2.2,5000.0,1,8,128,6.6,90,3,android,50.0,8.0,1,2600640
realme,Realme 10 Pro,18999,8.2,1,snapdragon,8.0,2.2,5000.0,1,6,128,6.72,120,2,android,108.0,16.0,1,2592000
realme,Realme 10 Pro (8GB RAM + 128GB),19999,8.4,1,snapdragon,8.0,2.2,5000.0,1,8,128,6.72,120,2,android,108.0,16.0,1,2592000
realme,Realme 10 Pro Plus,24999,8.2,1,dimensity,8.0,2.6,5000.0,1,6,128,6.7,120,3,android,108.0,16.0,0,2604960
realme,Realme 10 Pro Plus (8GB RAM + 256GB),27999,8.5,1,dimensity,8.0,2.6,5000.0,1,8,256,6.7,120,3,android,108.0,16.0,0,2604960
realme,Realme 10s,12999,8.0,1,dimensity,8.0,2.4,5000.0,1,8,128,6.6,90,2,android,50.0,8.0,1,2600640
realme,Realme 11 Pro,28999,8.2,1,snapdragon,8.0,3.0,5000.0,1,6,128,6.4,120,3,android,64.0,32.0,1,2592000
realme,Realme 11 Pro Plus,24999,7.8,1,dimensity,8.0,2.2,4200.0,1,6,128,6.4,90,3,android,50.0,16.0,0,2592000
realme,Realme 6 (6GB RAM + 64GB),12989,7.7,0,helio,8.0,2.05,4300.0,1,6,64,6.5,90,4,android,64.0,16.0,1,2592000
realme,Realme 6 Pro,14490,8.0,0,snapdragon,8.0,2.3,4300.0,1,6,64,6.6,90,4,android,64.0,16.0,1,2592000
realme,Realme 7 Pro (8GB RAM + 128GB),21999,8.5,0,snapdragon,8.0,2.3,4500.0,1,8,128,6.4,60,4,android,64.0,32.0,1,2592000
realme,Realme 8,15999,7.8,0,helio,8.0,2.0,5000.0,1,4,128,6.4,60,4,android,64.0,16.0,1,2592000
realme,Realme 8 (8GB RAM + 128GB),17999,8.3,0,helio,8.0,2.0,5000.0,1,8,128,6.4,60,4,android,64.0,16.0,1,2592000
realme,Realme 8 5G,16499,7.5,1,dimensity,8.0,2.2,5000.0,1,4,128,6.5,90,3,android,48.0,16.0,1,2592000
realme,Realme 8 5G (8GB RAM + 128GB),18499,8.0,1,dimensity,8.0,2.2,5000.0,1,8,128,6.5,90,3,android,48.0,16.0,1,2592000
realme,Realme 8i,12499,7.4,0,helio,8.0,2.05,5000.0,1,4,64,6.6,120,3,android,50.0,16.0,1,2604960
realme,Realme 8i (6GB RAM + 128GB),13999,7.7,0,helio,8.0,2.05,5000.0,1,6,128,6.6,120,3,android,50.0,16.0,1,2604960
realme,Realme 8s 5G,17999,8.0,1,dimensity,8.0,2.4,5000.0,1,6,128,6.5,90,3,android,64.0,16.0,1,2592000
realme,Realme 8s 5G (8GB RAM + 128GB),17499,8.2,1,dimensity,8.0,2.4,5000.0,1,8,128,6.5,90,3,android,64.0,16.0,1,2592000
realme,Realme 9 4G,14999,8.1,0,snapdragon,8.0,2.4,5000.0,1,6,128,6.4,90,3,android,108.0,16.0,1,2592000
realme,Realme 9 4G (8GB RAM + 128GB),15999,8.4,0,snapdragon,8.0,2.4,5000.0,1,8,128,6.4,90,3,android,108.0,16.0,1,2592000
realme,Realme 9 5G,13999,7.5,1,dimensity,8.0,2.4,5000.0,1,4,64,6.5,90,3,android,48.0,16.0,1,2592000
realme,Realme 9 5G (6GB RAM + 128GB),15499,7.9,1,dimensity,8.0,2.4,5000.0,1,6,128,6.5,90,3,android,48.0,16.0,1,2592000
realme,Realme 9 5G SE,18999,8.0,1,snapdragon,8.0,2.4,5000.0,1,6,128,6.6,144,3,android,48.0,16.0,1,2604960
realme,Realme 9 5G SE (8GB RAM + 128GB),22998,8.2,1,snapdragon,8.0,2.4,5000.0,1,8,128,6.6,144,3,android,48.0,16.0,1,2604960
realme,Realme 9 Pro 5G,18999,8.0,1,snapdragon,8.0,2.2,5000.0,1,6,128,6.6,120,3,android,64.0,16.0,1,2604960
realme,Realme 9 Pro 5G (8GB RAM + 128GB),20999,8.2,1,snapdragon,8.0,2.2,5000.0,1,8,128,6.6,120,3,android,64.0,16.0,1,2604960
realme,Realme 9 Pro Plus 5G,25900,7.8,1,dimensity,8.0,2.5,4500.0,1,6,128,6.4,90,3,android,50.0,16.0,0,2592000
realme,Realme 9 Pro Plus 5G (8GB RAM + 128GB),22994,8.1,1,dimensity,8.0,2.5,4500.0,1,8,128,6.4,90,3,android,50.0,16.0,0,2592000
realme,Realme 9 Pro Plus 5G (8GB RAM + 256GB),24494,8.2,1,dimensity,8.0,2.5,4500.0,1,8,256,6.4,90,3,android,50.0,16.0,0,2592000
realme,Realme 9i,12499,7.5,0,snapdragon,8.0,2.4,5000.0,1,4,64,6.6,90,3,android,50.0,16.0,1,2604960
realme,Realme 9i (4GB RAM + 128GB),13999,7.5,0,snapdragon,8.0,2.4,5000.0,1,4,128,6.6,90,3,android,50.0,16.0,1,2604960
realme,Realme 9i (6GB RAM + 128GB),14999,7.8,0,snapdragon,8.0,2.4,5000.0,1,6,128,6.6,90,3,android,50.0,16.0,1,2604960
realme,Realme 9i 5G,14965,7.5,1,dimensity,8.0,2.4,5000.0,1,4,64,6.6,90,3,android,50.0,8.0,1,2600640
realme,Realme 9i 5G (6GB RAM + 128GB),16999,7.8,1,dimensity,8.0,2.4,5000.0,1,6,128,6.6,90,3,android,50.0,8.0,1,2600640
realme,Realme C11,6490,6.1,0,helio,8.0,2.3,5000.0,0,2,32,6.5,60,2,android,13.0,5.0,1,1152000
realme,Realme C11 2021,6499,6.1,0,sc9863a,8.0,1.6,5000.0,0,2,32,6.52,60,1,android,8.0,5.0,1,1152000
realme,Realme C11 2021 (4GB RAM + 64GB),7749,6.1,0,sc9863a,8.0,1.6,5000.0,0,4,64,6.52,60,1,android,8.0,5.0,1,1152000
realme,Realme C21Y,6999,6.2,0,unisoc,8.0,1.8,5000.0,0,3,32,6.5,60,3,android,13.0,5.0,1,1152000
realme,Realme C25Y (4GB RAM + 64GB),8999,6.9,0,tiger,8.0,1.8,5000.0,1,4,64,6.5,60,3,android,50.0,8.0,1,1152000
realme,Realme C2s,3499,6.3,0,helio,8.0,2.0,4000.0,0,3,32,6.1,60,2,android,13.0,5.0,1,1123200
realme,Realme C30 (3GB RAM + 32GB),6299,6.0,0,tiger,8.0,1.82,5000.0,0,3,32,6.5,60,1,android,8.0,5.0,1,1152000
realme,Realme C30s (4GB RAM + 64GB),8990,6.2,0,unisoc,8.0,1.6,5000.0,1,4,64,6.5,60,1,android,8.0,5.0,1,1152000
realme,Realme C31,8299,6.2,0,tiger,8.0,1.82,5000.0,0,3,32,6.52,60,3,android,13.0,5.0,1,1152000
realme,Realme C31 (4GB RAM + 64GB),8999,6.5,0,tiger,8.0,1.82,5000.0,0,4,64,6.52,60,3,android,13.0,5.0,1,1152000
realme,Realme C32,9499,6.5,0,tiger,8.0,1.82,5000.0,0,4,64,6.52,60,3,android,13.0,5.0,1,1152000
realme,Realme C33,8950,6.4,0,unisoc,8.0,1.8,5000.0,0,3,32,6.5,60,2,android,50.0,5.0,1,1152000
realme,Realme C33 (4GB RAM + 64GB),9999,6.7,0,unisoc,8.0,1.8,5000.0,0,4,64,6.5,60,2,android,50.0,5.0,1,1152000
realme,Realme C35,11828,7.0,0,tiger,8.0,1.8,5000.0,1,4,64,6.6,60,3,android,50.0,8.0,1,2600640
realme,Realme C35 (4GB RAM + 128GB),12787,7.1,0,tiger,8.0,1.8,5000.0,1,4,128,6.6,90,3,android,50.0,8.0,1,2600640
realme,Realme C35 (6GB RAM + 128GB),13999,7.4,0,tiger,8.0,1.8,5000.0,1,6,128,6.6,90,3,android,50.0,8.0,1,2600640
realme,Realme G1,7999,6.4,0,helio,8.0,2.3,6000.0,0,3,32,6.52,60,3,android,13.0,5.0,1,1152000
realme,Realme GT 2 5G,28994,8.4,1,snapdragon,8.0,2.84,5000.0,1,8,128,6.62,120,3,android,50.0,16.0,0,2592000
realme,Realme GT 2 Explorer Master Edition,40990,8.6,1,snapdragon,8.0,3.2,5000.0,1,8,128,6.7,120,3,android,50.0,16.0,0,2604960
realme,Realme GT 2 Pro 5G,49959,8.9,1,snapdragon,8.0,3.0,5000.0,1,8,128,6.7,120,3,android,50.0,32.0,0,4631040
realme,Realme GT 2 Pro 5G (12GB RAM + 256GB),46999,8.9,1,snapdragon,8.0,3.0,5000.0,1,12,256,6.7,120,3,android,50.0,32.0,0,4631040
realme,Realme GT 5G,30994,8.5,1,snapdragon,8.0,2.84,4500.0,1,8,128,6.43,120,3,android,64.0,16.0,0,2592000
realme,Realme GT Explorer Master Edition,32990,8.5,1,snapdragon,8.0,3.2,4500.0,1,8,128,6.55,120,3,android,50.0,32.0,0,2592000
realme,Realme GT Master Edition 5G,27999,8.4,1,snapdragon,8.0,2.4,4300.0,1,8,128,6.43,120,3,android,64.0,32.0,0,2592000
realme,Realme GT Neo 3 5G,31994,8.3,1,dimensity,8.0,2.85,5000.0,1,8,128,6.7,120,3,android,50.0,16.0,0,2604960
realme,Realme GT Neo 3T,24999,7.9,1,snapdragon,8.0,3.2,5000.0,1,6,128,6.62,120,3,android,64.0,16.0,0,2592000
realme,Realme GT Neo 3T (8GB RAM + 128GB),26499,8.1,1,snapdragon,8.0,3.2,5000.0,1,8,128,6.62,120,3,android,64.0,16.0,0,2592000
realme,Realme GT Neo 3T (8GB RAM + 256GB),28499,8.2,1,snapdragon,8.0,3.2,5000.0,1,8,256,6.62,120,3,android,64.0,16.0,0,2592000
realme,Realme GT Neo 4T,29999,8.0,1,snapdragon,8.0,3.0,5000.0,1,8,128,6.73,144,3,android,50.0,16.0,0,2592000
realme,Realme GT Neo 5,34999,8.3,1,snapdragon,8.0,3.2,4600.0,1,8,128,6.7,120,3,android,50.0,16.0,0,2604960
realme,Realme GT Neo2 5G,31999,8.2,1,snapdragon,8.0,3.2,5000.0,1,8,128,6.62,120,3,android,64.0,16.0,0,2592000
realme,Realme Narzo 20,10499,7.2,0,helio,8.0,2.0,6000.0,1,4,64,6.5,60,3,android,48.0,8.0,1,1152000
realme,Realme Narzo 30 5G,16999,8.0,1,dimensity,8.0,2.2,5000.0,1,6,128,6.5,90,3,android,48.0,16.0,1,2592000
realme,Realme Narzo 30 Pro 5G (8GB RAM +128GB),19999,8.3,1,dimensity,8.0,2.4,5000.0,1,8,128,6.5,120,3,android,48.0,16.0,1,2592000
realme,Realme Narzo 50,10999,7.4,0,helio,8.0,2.0,5000.0,1,4,64,6.6,120,3,android,50.0,16.0,1,2604960
realme,Realme Narzo 50 (6GB RAM + 128GB),15499,7.7,0,helio,8.0,2.0,5000.0,1,6,128,6.6,120,3,android,50.0,16.0,1,2604960
realme,Realme Narzo 50 5G,17999,7.9,1,dimensity,8.0,2.4,5000.0,1,6,128,6.6,90,3,android,48.0,16.0,1,2592000
realme,Realme Narzo 50 5G (4GB RAM + 128GB),14999,7.6,1,dimensity,8.0,2.4,5000.0,1,4,128,6.6,90,3,android,48.0,16.0,1,2592000
realme,Realme Narzo 50 5G (4GB RAM + 64GB),13499,7.5,1,dimensity,8.0,2.4,5000.0,1,4,64,6.6,90,3,android,48.0,16.0,1,2592000
realme,Realme Narzo 50 Pro 5G,20490,8.1,1,dimensity,8.0,2.5,5000.0,1,6,128,6.4,90,3,android,48.0,16.0,1,2592000
realme,Realme Narzo 50 Pro 5G (8GB RAM + 128GB),22999,8.3,1,dimensity,8.0,2.5,5000.0,1,8,128,6.4,90,3,android,48.0,16.0,1,2592000
realme,Realme Narzo 50A,11499,7.1,0,helio,8.0,2.0,6000.0,1,4,64,6.5,60,3,android,50.0,8.0,1,1152000
realme,Realme Narzo 50A Prime,11399,7.3,0,tiger,8.0,1.82,5000.0,1,4,64,6.6,60,3,android,50.0,8.0,1,2600640
realme,Realme Narzo 50A Prime (4GB RAM + 128GB),11879,7.4,0,tiger,8.0,1.82,5000.0,1,4,128,6.6,60,3,android,50.0,8.0,1,2600640
realme,Realme Narzo 50i (4GB RAM + 64GB),8999,6.2,0,unisoc,8.0,1.6,5000.0,0,4,64,6.5,60,1,android,8.0,5.0,1,1152000
realme,Realme Narzo 50i Prime,7999,6.1,0,tiger,8.0,1.82,5000.0,1,3,32,6.5,60,1,android,8.0,5.0,1,1152000
realme,Realme Narzo 50i Prime (4GB RAM + 64GB),8720,6.4,0,tiger,8.0,1.82,5000.0,1,4,64,6.5,60,1,android,8.0,5.0,1,1152000
realme,Realme Q2i,9999,6.9,1,dimensity,8.0,2.0,5000.0,1,4,128,6.5,60,3,android,13.0,8.0,0,1152000
realme,Realme Q3,14999,8.0,1,snapdragon,8.0,2.2,5000.0,1,6,128,6.5,120,3,android,48.0,16.0,1,2592000
realme,Realme Q3i 5G,10990,7.6,1,dimensity,8.0,2.2,5000.0,1,4,128,6.5,60,3,android,48.0,16.0,1,2592000
realme,Realme Q5 5G,14990,7.8,1,snapdragon,8.0,2.2,5000.0,1,6,128,6.6,120,3,android,50.0,16.0,1,2604960
realme,Realme X50 Pro 5G (12GB RAM + 256GB),27999,8.7,1,snapdragon,8.0,2.84,4200.0,1,12,256,6.44,90,4,android,64.0,32.0,0,2592000
realme,Realme X50 Pro 5G (8GB RAM + 128GB),24999,8.5,1,snapdragon,8.0,2.84,4200.0,1,8,128,6.44,90,4,android,64.0,32.0,0,2592000
realme,Realme X7 Max,26999,8.4,1,dimensity,8.0,3.0,4500.0,1,8,128,6.43,120,3,android,64.0,16.0,0,2592000
realme,Realme XT,13279,7.5,0,snapdragon,8.0,2.3,4000.0,1,4,64,6.4,60,4,android,64.0,16.0,1,2527200
redmi,Redmi 12C,7999,7.0,0,helio,8.0,2.0,5000.0,0,4,64,6.71,60,2,android,50.0,5.0,1,1188000
redmi,Redmi Note 11 Pro 2023,18999,8.1,0,snapdragon,8.0,2.3,5000.0,1,6,128,6.67,120,4,android,108.0,16.0,1,2592000
redmi,Redmi Note 12 Pro Speed Edition,19999,8.1,1,snapdragon,8.0,2.4,5000.0,1,6,128,6.67,120,3,android,108.0,16.0,0,2592000
samsung,Samsung Galaxy A03,7249,6.6,0,unisoc,8.0,1.6,5000.0,1,3,32,6.5,60,2,android,48.0,5.0,1,1123200
samsung,Samsung Galaxy A03 (4GB RAM + 64GB),11499,6.9,0,unisoc,8.0,1.6,5000.0,1,4,64,6.5,60,2,android,48.0,5.0,1,1123200
samsung,Samsung Galaxy A03s,8499,6.7,0,helio,8.0,2.3,5000.0,1,3,32,6.5,60,3,android,13.0,5.0,1,1152000
samsung,Samsung Galaxy A04,11999,7.1,0,helio,8.0,2.3,5000.0,1,4,64,6.5,60,2,android,50.0,5.0,1,1152000
samsung,Samsung Galaxy A04 (4GB RAM + 128GB),12999,7.2,0,helio,8.0,2.3,5000.0,1,4,128,6.5,60,2,android,50.0,5.0,1,1152000
samsung,Samsung Galaxy A04e,9299,6.5,0,helio,8.0,2.3,5000.0,0,3,32,6.5,60,2,android,13.0,5.0,1,1152000
samsung,Samsung Galaxy A04e (3GB RAM + 64GB),9950,6.6,0,helio,8.0,2.3,5000.0,0,3,64,6.5,60,2,android,13.0,5.0,1,1152000
samsung,Samsung Galaxy A04e (4GB RAM + 128GB),11499,6.9,0,helio,8.0,2.3,5000.0,0,4,128,6.5,60,2,android,13.0,5.0,1,1152000
samsung,Samsung Galaxy A04s,12990,7.1,0,exynos,8.0,2.0,5000.0,1,4,64,6.5,90,3,android,50.0,5.0,1,1152000
samsung,Samsung Galaxy A04s (4GB RAM + 128GB),14499,7.2,0,exynos,8.0,2.0,5000.0,1,4,128,6.5,90,3,android,50.0,5.0,1,1152000
samsung,Samsung Galaxy A12,11999,7.1,0,helio,8.0,2.3,5000.0,1,4,64,6.5,60,4,android,48.0,8.0,1,1123200
samsung,Samsung Galaxy A12 (6GB RAM + 128GB),13999,7.5,0,helio,8.0,2.3,5000.0,1,6,128,6.5,60,4,android,48.0,8.0,1,1123200
samsung,Samsung Galaxy A13 5G,17990,7.3,1,dimensity,8.0,2.2,5000.0,1,4,64,6.5,90,3,android,50.0,5.0,1,1152000
samsung,Samsung Galaxy A14 5G,16499,7.5,1,exynos,8.0,2.4,5000.0,1,4,64,6.6,90,3,android,50.0,13.0,1,2600640
samsung,Samsung Galaxy A14 5G (6GB RAM + 128GB),18999,7.9,1,exynos,8.0,2.4,5000.0,1,6,128,6.6,90,3,android,50.0,13.0,1,2600640
samsung,Samsung Galaxy A14 5G (8GB RAM + 128GB),20999,8.2,1,exynos,8.0,2.4,5000.0,1,8,128,6.6,90,3,android,50.0,13.0,1,2600640
samsung,Samsung Galaxy A21s (6GB RAM + 128GB),17499,7.5,0,exynos,8.0,2.0,5000.0,0,6,128,6.5,60,4,android,48.0,13.0,1,1152000
samsung,Samsung Galaxy A22,18499,7.6,0,helio,8.0,2.0,5000.0,1,6,128,6.4,60,4,android,48.0,13.0,1,1152000
samsung,Samsung Galaxy A22 5G,17990,7.9,1,dimensity,8.0,2.2,5000.0,1,6,128,6.6,90,3,android,48.0,8.0,1,2600640
samsung,Samsung Galaxy A23,18499,7.9,0,snapdragon,8.0,2.4,5000.0,1,6,128,6.6,60,4,android,50.0,8.0,1,2600640
samsung,Samsung Galaxy A23 (8GB RAM + 128GB),19990,8.2,0,snapdragon,8.0,2.4,5000.0,1,8,128,6.6,60,4,android,50.0,8.0,1,2600640
samsung,Samsung Galaxy A23 5G,22999,7.9,1,snapdragon,8.0,2.2,5000.0,1,6,128,6.6,120,4,android,50.0,8.0,1,2600640
samsung,Samsung Galaxy A23 5G (8GB RAM + 128GB),24999,8.1,1,snapdragon,8.0,2.2,5000.0,1,8,128,6.6,120,4,android,50.0,8.0,1,2600640
samsung,Samsung Galaxy A24,17999,7.7,0,exynos,8.0,1.8,4000.0,1,6,64,6.4,60,3,android,48.0,16.0,1,2600640
samsung,Samsung Galaxy A32,16499,8.0,0,helio,8.0,2.0,5000.0,1,6,128,6.4,90,4,android,64.0,20.0,1,2592000
samsung,Samsung Galaxy A32 (8GB RAM + 128GB),16499,8.2,0,helio,8.0,2.0,5000.0,1,8,128,6.4,90,4,android,64.0,20.0,1,2592000
samsung,Samsung Galaxy A32 5G,24499,7.9,1,dimensity,8.0,2.0,5000.0,1,6,128,6.5,90,4,android,48.0,13.0,1,1152000
samsung,Samsung Galaxy A33 5G,25999,8.2,1,exynos,8.0,2.4,5000.0,1,6,128,6.4,90,4,android,48.0,13.0,1,2592000
samsung,Samsung Galaxy A33 5G (8GB RAM + 128GB),27499,8.5,1,exynos,8.0,2.4,5000.0,1,8,128,6.4,90,4,android,48.0,13.0,1,2592000
samsung,Samsung Galaxy A40,17990,6.9,0,exynos,8.0,2.2,3100.0,1,4,64,5.9,60,2,android,16.0,25.0,1,2527200
samsung,Samsung Galaxy A50s,15990,8.0,0,exynos,8.0,2.3,4000.0,1,4,128,6.4,60,3,android,48.0,32.0,1,2527200
samsung,Samsung Galaxy A52,24990,8.3,0,snapdragon,8.0,2.3,4500.0,1,6,128,6.5,90,4,android,64.0,32.0,1,2592000
samsung,Samsung Galaxy A52 (8GB RAM + 128GB),22494,8.6,0,snapdragon,8.0,2.3,4500.0,1,8,128,6.5,90,4,android,64.0,32.0,1,2592000
samsung,Samsung Galaxy A53 (8GB RAM + 256GB),36499,8.9,1,exynos,8.0,2.4,5000.0,1,8,256,6.5,120,4,android,64.0,32.0,1,2592000
samsung,Samsung Galaxy A53 5G,31999,8.7,1,exynos,8.0,2.4,5000.0,1,6,128,6.5,120,4,android,64.0,32.0,1,2592000
samsung,Samsung Galaxy A53 5G (8GB RAM + 128GB),33499,8.9,1,exynos,8.0,2.4,5000.0,1,8,128,6.5,120,4,android,64.0,32.0,1,2592000
samsung,Samsung Galaxy A7 (2018),21490,7.0,0,exynos,8.0,2.2,3300.0,0,4,64,6.0,60,3,android,24.0,24.0,1,2397600
samsung,Samsung Galaxy A71,22494,8.6,0,snapdragon,8.0,2.2,4500.0,1,8,128,6.7,60,4,android,64.0,32.0,1,2592000
samsung,Samsung Galaxy A82 5G,39990,8.6,1,snapdragon,8.0,2.96,4500.0,1,6,128,6.71,120,3,android,64.0,10.0,1,4608000
samsung,Samsung Galaxy A83 5G,39990,8.6,1,snapdragon,8.0,3.2,4500.0,1,6,128,6.71,120,3,android,64.0,10.0,1,4608000
samsung,Samsung Galaxy A9 Pro (2019),39990,7.8,0,snapdragon,8.0,2.2,3400.0,1,6,128,6.4,60,3,android,24.0,24.0,1,2527200
samsung,Samsung Galaxy A92 5G,47990,8.0,1,dimensity,8.0,3.0,5000.0,1,8,128,6.7,60,3,android,48.0,16.0,0,2592000
samsung,Samsung Galaxy F04,8499,6.8,0,helio,8.0,2.3,5000.0,1,4,64,6.5,60,2,android,13.0,5.0,1,1152000
samsung,Samsung Galaxy F12,10499,7.3,0,exynos,8.0,2.0,6000.0,1,4,64,6.5,90,4,android,48.0,8.0,1,1152000
samsung,Samsung Galaxy F13,10999,7.4,0,exynos,8.0,2.0,6000.0,1,4,64,6.6,60,3,android,50.0,8.0,1,2600640
samsung,Samsung Galaxy F13 (4GB RAM + 128GB),11999,7.5,0,exynos,8.0,2.0,6000.0,1,4,128,6.6,60,3,android,50.0,8.0,1,2600640
samsung,Samsung Galaxy F22,11499,7.3,0,helio,8.0,2.0,6000.0,0,4,64,6.4,90,4,android,48.0,13.0,1,1152000
samsung,Samsung Galaxy F22 (6GB RAM + 128GB),13499,7.6,0,helio,8.0,2.0,6000.0,0,6,128,6.4,90,4,android,48.0,13.0,1,1152000
samsung,Samsung Galaxy F23 5G,15999,7.8,1,snapdragon,8.0,2.2,5000.0,1,4,128,6.6,120,3,android,50.0,8.0,1,2600640
samsung,Samsung Galaxy F23 5G (6GB RAM + 128GB),16999,8.0,1,snapdragon,8.0,2.2,5000.0,1,6,128,6.6,120,3,android,50.0,8.0,1,2600640
samsung,Samsung Galaxy F24 5G,14999,7.8,1,snapdragon,8.0,2.2,5000.0,1,4,128,6.6,120,3,android,50.0,8.0,1,2600640
samsung,Samsung Galaxy F41 (6GB RAM + 128GB),19999,8.2,0,exynos,8.0,2.3,6000.0,1,6,128,6.4,60,3,android,64.0,32.0,1,2527200
samsung,Samsung Galaxy F42 5G,15490,8.0,1,dimensity,8.0,2.2,5000.0,1,6,128,6.6,90,3,android,64.0,8.0,1,2600640
samsung,Samsung Galaxy F42 5G (8GB RAM + 128GB),22999,8.2,1,dimensity,8.0,2.2,5000.0,1,8,128,6.6,90,3,android,64.0,8.0,1,2600640
samsung,Samsung Galaxy F63,21999,8.4,1,dimensity,8.0,2.0,7000.0,1,6,128,6.7,60,4,android,64.0,32.0,1,2592000
samsung,Samsung Galaxy M04,8499,6.6,0,helio,8.0,2.3,5000.0,1,4,64,6.5,60,2,android,13.0,5.0,1,1152000
samsung,Samsung Galaxy M04 (4GB RAM + 128GB),9499,6.8,0,helio,8.0,2.3,5000.0,1,4,128,6.5,60,2,android,13.0,5.0,1,1152000
samsung,Samsung Galaxy M12,10999,7.2,0,exynos,8.0,2.0,6000.0,1,4,64,6.5,90,4,android,48.0,8.0,1,1152000
samsung,Samsung Galaxy M13,12999,7.5,0,exynos,8.0,2.0,6000.0,1,6,128,6.6,60,3,android,50.0,8.0,1,2592000
samsung,Samsung Galaxy M13 (4GB RAM + 64GB),10630,7.1,0,exynos,8.0,2.0,6000.0,1,4,64,6.6,60,3,android,50.0,8.0,1,2592000
samsung,Samsung Galaxy M13 5G,13999,7.5,1,dimensity,8.0,2.2,5000.0,1,6,128,6.5,90,2,android,50.0,5.0,1,1152000
samsung,Samsung Galaxy M13 5G (4GB RAM + 64GB),12944,7.1,1,dimensity,8.0,2.2,5000.0,1,4,64,6.5,90,2,android,50.0,5.0,1,1152000
samsung,Samsung Galaxy M21 2021,11725,7.6,0,exynos,8.0,2.3,6000.0,1,4,64,6.4,60,3,android,48.0,20.0,1,2527200
samsung,Samsung Galaxy M32,12364,7.6,0,helio,8.0,2.0,6000.0,1,4,64,6.4,90,4,android,64.0,20.0,1,2592000
samsung,Samsung Galaxy M32 (6GB RAM + 128GB),14490,8.0,0,helio,8.0,2.0,6000.0,1,6,128,6.4,90,4,android,64.0,20.0,1,2592000
samsung,Samsung Galaxy M32 Prime Edition,12120,7.5,0,helio,8.0,2.0,6000.0,1,4,64,6.4,90,4,android,64.0,20.0,1,2592000
samsung,Samsung Galaxy M32 Prime Edition (6GB RAM + 128GB),14859,7.9,0,helio,8.0,2.0,6000.0,1,6,128,6.4,90,4,android,64.0,20.0,1,2592000
samsung,Samsung Galaxy M33 5G,17478,8.1,1,exynos,8.0,2.4,6000.0,1,6,128,6.6,120,4,android,50.0,8.0,1,2592000
samsung,Samsung Galaxy M33 5G (8GB RAM + 128GB),19499,8.4,1,exynos,8.0,2.4,6000.0,1,8,128,6.6,120,4,android,50.0,8.0,1,2592000
samsung,Samsung Galaxy M34 5G,16999,8.4,1,exynos,8.0,2.4,6000.0,1,6,128,6.5,120,4,android,64.0,32.0,1,2592000
samsung,Samsung Galaxy M53 5G,23790,8.5,1,dimensity,8.0,2.4,5000.0,1,6,128,6.7,120,4,android,108.0,32.0,1,2592000
samsung,Samsung Galaxy M53 5G (8GB RAM + 128GB),25289,8.7,1,dimensity,8.0,2.4,5000.0,1,8,128,6.7,120,4,android,108.0,32.0,1,2592000
samsung,Samsung Galaxy M54 5G,34999,8.5,1,snapdragon,8.0,2.84,6000.0,1,6,128,6.67,90,3,android,64.0,32.0,1,2604960
samsung,Samsung Galaxy M62,23999,8.3,0,exynos,8.0,2.73,7000.0,1,6,128,6.71,60,4,android,64.0,32.0,1,2592000
samsung,Samsung Galaxy Note 10 Lite,39999,8.3,0,exynos,8.0,2.7,4500.0,1,6,128,6.7,60,3,android,12.0,32.0,1,2592000
samsung,Samsung Galaxy Note 10 Plus,58999,8.9,0,exynos,8.0,2.73,4300.0,1,12,256,6.8,60,4,android,12.0,10.0,1,4377600
samsung,Samsung Galaxy Note 10 Plus 5G,92999,8.9,1,exynos,8.0,2.7,4300.0,1,12,256,6.8,60,4,android,12.0,10.0,1,4377600
samsung,Samsung Galaxy Note 20,86000,8.7,0,exynos,8.0,2.73,4300.0,1,8,256,6.7,60,3,android,64.0,10.0,0,2592000
samsung,Samsung Galaxy S10 5G,78990,8.6,1,exynos,8.0,2.7,4500.0,1,8,256,6.7,60,3,android,16.0,10.0,1,4377600
samsung,Samsung Galaxy S10 Plus,42999,8.1,0,exynos,8.0,2.7,4100.0,1,8,128,6.4,60,3,android,16.0,10.0,1,4377600
samsung,Samsung Galaxy S20,41999,8.8,0,exynos,8.0,2.73,4000.0,1,8,128,6.2,120,3,android,64.0,10.0,1,4608000
samsung,Samsung Galaxy S20 5G,74999,8.9,1,exynos,8.0,2.73,4000.0,1,8,128,6.2,60,3,android,64.0,10.0,1,4608000
samsung,Samsung Galaxy S20 FE,35489,8.6,0,exynos,8.0,2.73,4500.0,1,8,128,6.5,120,3,android,12.0,32.0,1,2592000
samsung,Samsung Galaxy S20 FE 5G,31239,8.8,1,snapdragon,8.0,2.84,4500.0,1,8,128,6.5,120,3,android,12.0,32.0,1,2592000
samsung,Samsung Galaxy S20 Plus,83000,8.8,0,exynos,8.0,2.73,4500.0,1,8,128,6.7,120,4,android,64.0,10.0,1,4608000
samsung,Samsung Galaxy S21,48900,8.8,1,exynos,8.0,2.9,4000.0,1,8,128,6.2,120,3,android,64.0,10.0,0,2592000
samsung,Samsung Galaxy S21 FE 5G,39999,8.7,1,exynos,8.0,2.9,4500.0,1,8,128,6.4,120,3,android,12.0,32.0,0,2527200
samsung,Samsung Galaxy S21 FE 5G (8GB RAM + 256GB),43999,8.8,1,exynos,8.0,2.9,4500.0,1,8,256,6.4,120,3,android,12.0,32.0,0,2527200
samsung,Samsung Galaxy S21 Plus,59450,8.8,1,exynos,8.0,2.9,4800.0,1,8,128,6.7,120,3,android,64.0,10.0,0,2592000
samsung,Samsung Galaxy S22 5G,49999,8.6,1,snapdragon,8.0,3.0,3700.0,1,8,128,6.1,120,3,android,50.0,10.0,0,2527200
samsung,Samsung Galaxy S22 5G (8GB RAM + 256GB),57999,8.7,1,snapdragon,8.0,3.0,3700.0,1,8,256,6.1,120,3,android,50.0,10.0,0,2527200
samsung,Samsung Galaxy S22 Plus 5G,64449,8.7,1,snapdragon,8.0,3.0,4500.0,1,8,128,6.6,120,3,android,50.0,10.0,0,2527200
samsung,Samsung Galaxy S22 Plus 5G (8GB RAM + 256GB),88999,8.8,1,snapdragon,8.0,3.0,4500.0,1,8,256,6.6,120,3,android,50.0,10.0,0,2527200
samsung,Samsung Galaxy S23,70990,8.8,1,snapdragon,8.0,3.2,3900.0,1,8,128,6.1,120,3,android,50.0,12.0,0,2527200
samsung,Samsung Galaxy S23 Plus,84990,8.9,1,snapdragon,8.0,3.2,4700.0,1,8,256,6.6,120,3,android,50.0,12.0,0,2527200
samsung,Samsung Galaxy S9 Plus (128GB),34999,7.8,0,exynos,8.0,2.8,3500.0,1,6,128,6.2,60,2,android,12.0,8.0,1,4262400
samsung,Samsung Galaxy Z Fold 3,110999,8.9,1,snapdragon,8.0,2.84,4400.0,1,12,256,7.6,120,3,android,12.0,10.0,0,3903744
sharp,Sharp Aquos R5G,59990,8.8,0,snapdragon,8.0,2.84,3730.0,1,12,256,6.5,60,3,android,48.0,16.0,1,4561920
sony,Sony Xperia 1 II,69999,8.9,1,snapdragon,8.0,2.84,4000.0,1,8,256,6.5,60,4,android,12.0,8.0,1,6312960
sony,Sony Xperia 10 II,27999,7.5,0,snapdragon,8.0,2.0,3600.0,1,4,128,6.0,90,3,android,12.0,8.0,1,2721600
sony,Sony Xperia 10 III Lite 5G,30990,7.8,1,snapdragon,8.0,2.0,4500.0,1,6,64,6.0,60,3,android,12.0,8.0,1,2721600
sony,Sony Xperia 5 II,69990,8.6,1,snapdragon,8.0,2.84,4000.0,1,8,128,6.1,120,3,android,12.0,8.0,1,2721600
sony,Sony Xperia 5 IV 5G,82199,8.9,1,snapdragon,8.0,3.0,5000.0,1,8,256,6.1,120,3,android,12.0,12.0,1,2721600
sony,Sony Xperia Ace IV,19990,8.0,0,snapdragon,8.0,2.0,5000.0,1,8,128,6.5,120,2,android,50.0,16.0,1,2592000
sony,Sony Xperia L5 5G,15990,7.3,0,helio,8.0,2.3,4000.0,1,4,64,6.2,60,3,android,13.0,8.0,1,1209600
tcl,TCL Ion X,8990,6.0,0,helio,8.0,2.0,3000.0,1,3,32,6.0,60,1,android,13.0,5.0,1,1036800
tecno,Tecno Camon 18,11499,7.5,0,helio,8.0,2.0,5000.0,1,4,128,6.8,90,3,android,48.0,16.0,0,2656800
tecno,Tecno Camon 19,14746,7.9,0,helio,8.0,2.0,5000.0,1,6,128,6.8,60,3,android,64.0,16.0,1,2656800
tecno,Tecno Camon 19 Neo,14999,7.7,0,helio,8.0,2.0,5000.0,1,6,128,6.8,90,3,android,48.0,32.0,0,2592000
tecno,Tecno Camon 19 Pro,17990,8.1,0,helio,8.0,2.05,5000.0,1,8,128,6.8,120,3,android,64.0,32.0,0,2656800
tecno,Tecno Camon 19 Pro 5G,21999,8.2,1,dimensity,8.0,2.4,5000.0,1,8,128,6.8,120,3,android,64.0,16.0,0,2656800
tecno,Tecno Camon 19 Pro Mondrian Edition,17999,8.4,0,helio,8.0,2.05,5000.0,1,8,128,6.8,120,3,android,64.0,32.0,1,2656800
tecno,Tecno Camon 20 Premier,20999,7.9,1,dimensity,8.0,2.2,5000.0,1,6,128,6.83,120,3,android,50.0,16.0,0,2656800
tecno,Tecno Phantom X,25999,8.4,0,helio,8.0,2.05,4700.0,1,8,256,6.7,90,3,android,50.0,48.0,0,2527200
tecno,Tecno Phantom X Pro,22999,8.4,0,helio,8.0,2.05,5000.0,1,8,256,6.7,120,4,android,50.0,48.0,0,2592000
tecno,Tecno Phantom X2,39999,8.5,1,dimensity,8.0,3.05,5160.0,1,8,256,6.8,120,3,android,64.0,32.0,0,2592000
tecno,Tecno Phantom X2 Pro,49999,8.9,1,dimensity,8.0,3.05,5160.0,1,12,256,6.8,120,3,android,50.0,32.0,0,2592000
tecno,Tecno Pova 2,10999,7.4,0,helio,8.0,2.0,7000.0,1,4,64,6.95,60,4,android,48.0,8.0,1,2656800
tecno,Tecno Pova 3,9999,7.4,0,helio,8.0,2.0,7000.0,1,4,64,6.95,90,3,android,50.0,8.0,1,2656800
tecno,Tecno Pova 3 (6GB RAM + 128GB),13799,7.7,0,helio,8.0,2.0,7000.0,1,6,128,6.9,90,3,android,50.0,8.0,1,2656800
tecno,Tecno Pova 4,11999,7.3,0,helio,8.0,2.2,6000.0,1,8,128,6.82,90,2,android,50.0,8.0,1,1152000
tecno,Tecno Pova 4 Pro,15999,7.4,0,helio,8.0,2.2,6000.0,1,8,256,6.66,90,2,android,50.0,8.0,1,1152000
tecno,Tecno Pova 5G,15499,7.8,1,dimensity,8.0,2.4,6000.0,1,8,128,6.9,120,3,android,50.0,16.0,1,2656800
tecno,Tecno Pova Neo 2,13990,6.7,0,helio,8.0,2.0,7000.0,0,6,128,6.82,90,2,android,16.0,8.0,1,1152000
tecno,Tecno Pova Neo 5G,15499,7.1,0,dimensity,8.0,2.4,6000.0,1,4,128,6.8,120,2,android,50.0,8.0,1,2592000
tecno,Tecno Spark 8 (4GB RAM + 64GB),8999,6.4,0,helio,8.0,1.8,5000.0,0,4,64,6.52,60,2,android,16.0,8.0,1,1152000
tecno,Tecno Spark 8 Pro,8799,7.2,0,helio,8.0,2.0,5000.0,1,4,64,6.8,60,3,android,48.0,8.0,1,2656800
tecno,Tecno Spark 8C,7399,6.2,0,unisoc,8.0,2.0,5000.0,0,3,64,6.6,90,2,android,13.0,8.0,1,1160640
tecno,Tecno Spark 8C (4GB RAM + 64GB),8890,6.3,0,unisoc,8.0,2.0,5000.0,0,4,64,6.6,90,2,android,13.0,8.0,1,1160640
tecno,Tecno Spark 8T,7999,7.0,0,helio,8.0,2.3,5000.0,0,4,64,6.6,60,2,android,50.0,8.0,1,1152000
tecno,Tecno Spark 9,8999,6.9,0,helio,8.0,2.3,5000.0,0,6,128,6.6,90,2,android,13.0,8.0,1,1152000
tecno,Tecno Spark 9 (3GB RAM + 64GB),8390,6.3,0,helio,8.0,2.3,5000.0,0,3,64,6.6,90,2,android,13.0,8.0,1,1152000
tecno,Tecno Spark 9 (4GB RAM + 64GB),7999,6.5,0,helio,8.0,2.3,5000.0,0,4,64,6.6,90,2,android,13.0,8.0,1,1152000
tecno,Tecno Spark 9 Pro,9999,7.4,0,helio,8.0,2.0,5000.0,1,4,64,6.6,90,3,android,48.0,32.0,1,2656800
tecno,Tecno Spark 9T,8968,7.2,0,helio,8.0,2.3,5000.0,1,4,64,6.6,60,3,android,50.0,8.0,1,2600640
tecno,Tecno Spark Go 2023,6999,6.2,0,helio,4.0,2.0,5000.0,1,3,32,6.56,60,2,android,13.0,5.0,1,1152000
vertu,Vertu Signature Touch,650000,6.2,0,snapdragon,8.0,1.5,2275.0,0,2,64,4.7,60,1,android,13.0,2.0,0,2073600
vivo,Vivo S1 Pro,29999,8.2,0,snapdragon,8.0,2.0,4500.0,1,8,128,6.38,60,4,android,48.0,32.0,1,2527200
vivo,Vivo S16,29990,8.5,1,snapdragon,8.0,3.2,4600.0,1,8,128,6.78,120,3,android,64.0,50.0,0,2592000
vivo,Vivo S16 Pro,35499,8.6,1,dimensity,8.0,3.1,4600.0,1,8,256,6.78,120,3,android,50.0,50.0,0,2592000
vivo,Vivo T1 44W,14499,7.7,0,snapdragon,8.0,2.4,5000.0,1,4,128,6.44,60,3,android,50.0,16.0,1,2600640
vivo,Vivo T1 44W (6GB RAM + 128GB),15999,7.9,0,snapdragon,8.0,2.4,5000.0,1,6,128,6.44,60,3,android,50.0,16.0,1,2600640
vivo,Vivo T1 44W (8GB RAM + 128GB),17999,8.2,0,snapdragon,8.0,2.4,5000.0,1,8,128,6.44,60,3,android,50.0,16.0,1,2600640
vivo,Vivo T1 5G,15990,7.8,1,snapdragon,8.0,2.2,5000.0,1,4,128,6.58,120,3,android,50.0,16.0,1,2600640
vivo,Vivo T1 5G (6GB RAM + 128GB),16990,8.0,1,snapdragon,8.0,2.2,5000.0,1,6,128,6.58,120,3,android,50.0,16.0,1,2600640
vivo,Vivo T1 5G (8GB RAM + 128GB),19990,8.3,1,snapdragon,8.0,2.2,5000.0,1,8,128,6.58,120,3,android,50.0,16.0,1,2600640
vivo,Vivo T1 Pro,23999,8.1,1,snapdragon,8.0,2.4,4700.0,1,6,128,6.44,90,3,android,64.0,16.0,1,2596320
vivo,Vivo T1 Pro 5G (8GB RAM + 128GB),24999,8.4,1,snapdragon,8.0,2.4,4700.0,1,8,128,6.44,90,3,android,64.0,16.0,1,2596320
vivo,Vivo T1x (4GB RAM + 128GB),12999,7.5,0,snapdragon,8.0,2.4,5000.0,1,4,128,6.58,90,2,android,50.0,8.0,1,2600640
vivo,Vivo T1x (6GB RAM + 128GB),14999,7.7,0,snapdragon,8.0,2.4,5000.0,1,6,128,6.58,90,2,android,50.0,8.0,1,2600640
vivo,Vivo T1x 4G,11999,7.4,0,snapdragon,8.0,2.4,5000.0,1,4,64,6.58,90,2,android,50.0,8.0,1,2600640
vivo,Vivo T2 5G,24990,8.5,1,snapdragon,8.0,3.2,4700.0,1,8,128,6.62,120,3,android,64.0,16.0,1,2592000
vivo,Vivo T2x 5G,18990,8.0,1,dimensity,8.0,3.0,6000.0,1,8,128,6.58,120,2,android,50.0,16.0,0,2600640
vivo,Vivo T3 Pro,31990,8.6,1,snapdragon,8.0,2.7,4700.0,1,8,256,6.67,120,3,android,64.0,32.0,1,2600640
vivo,Vivo U3,9990,7.2,0,snapdragon,8.0,2.0,5000.0,1,4,64,6.53,60,3,android,16.0,16.0,1,2527200
vivo,Vivo U3 (6GB RAM + 64GB),11990,7.4,0,snapdragon,8.0,2.0,5000.0,1,6,64,6.53,60,3,android,16.0,16.0,1,2527200
vivo,Vivo U3x,8990,7.1,1,snapdragon,8.0,2.0,5000.0,1,6,64,6.58,90,2,android,13.0,8.0,0,2600640
vivo,Vivo V11i,20990,7.0,0,helio,8.0,2.0,3315.0,0,4,128,6.3,60,2,android,16.0,25.0,1,2462400
vivo,Vivo V15 Pro (8GB RAM +128GB),25000,7.8,0,snapdragon,8.0,2.0,3700.0,1,8,128,6.39,60,3,android,48.0,32.0,1,2501280
vivo,Vivo V19 (8GB RAM + 256GB),27990,8.4,0,snapdragon,8.0,2.3,4500.0,1,8,256,6.44,60,4,android,48.0,32.0,1,2592000
vivo,Vivo V20,23269,8.5,0,snapdragon,8.0,2.3,4000.0,1,8,128,6.44,60,3,android,64.0,44.0,1,2592000
vivo,Vivo V20 Pro,27000,8.4,1,snapdragon,8.0,2.4,4000.0,1,8,128,6.44,60,3,android,64.0,44.0,0,2592000
vivo,Vivo V20 SE,19000,8.2,0,snapdragon,8.0,2.0,4100.0,1,8,128,6.44,60,3,android,48.0,32.0,1,2592000
vivo,Vivo V21,24999,8.3,0,dimensity,8.0,2.4,4000.0,1,8,128,6.44,90,3,android,64.0,44.0,1,2592000
vivo,Vivo V21 5G,23994,8.5,1,dimensity,8.0,2.4,4000.0,1,8,128,6.44,90,3,android,64.0,44.0,1,2592000
vivo,Vivo V21 Pro,32999,8.5,1,snapdragon,8.0,2.4,4300.0,1,8,128,6.44,60,4,android,64.0,44.0,0,2592000
vivo,Vivo V21s,29999,8.6,1,dimensity,8.0,2.4,4000.0,1,8,128,6.44,90,3,android,64.0,44.0,1,2592000
vivo,Vivo V23 5G,24994,8.3,1,dimensity,8.0,2.5,4200.0,1,8,128,6.44,90,3,android,64.0,50.0,0,2592000
vivo,Vivo V23 5G (12GB RAM + 256GB),27994,8.6,1,dimensity,8.0,2.5,4200.0,1,12,256,6.44,90,3,android,64.0,50.0,1,2592000
vivo,Vivo V23 Pro 5G,31994,8.5,1,dimensity,8.0,3.0,4300.0,1,8,128,6.56,90,3,android,108.0,50.0,0,2566080
vivo,Vivo V23 Pro 5G (12GB RAM + 256GB),36994,8.7,1,dimensity,8.0,3.0,4300.0,1,12,256,6.56,90,3,android,108.0,50.0,0,2566080
vivo,Vivo V23e,26990,8.2,0,helio,8.0,2.05,4050.0,1,8,128,6.44,60,3,android,64.0,50.0,0,2592000
vivo,Vivo V23e 5G,21994,8.4,1,dimensity,8.0,2.4,4050.0,1,8,128,6.44,60,3,android,50.0,44.0,1,2592000
vivo,Vivo V25 (12GB RAM + 256GB),31999,8.5,1,dimensity,8.0,2.0,4500.0,1,12,256,6.44,90,3,android,64.0,50.0,1,2600640
vivo,Vivo V25 5G,27999,8.3,1,dimensity,8.0,2.0,4500.0,1,8,128,6.44,90,3,android,64.0,50.0,1,2600640
vivo,Vivo V25 Pro (12GB RAM + 256GB),39999,8.6,1,dimensity,8.0,3.0,4830.0,1,12,256,6.56,120,3,android,64.0,32.0,0,2566080
vivo,Vivo V25 Pro 5G,35999,8.5,1,dimensity,8.0,3.0,4830.0,1,8,128,6.56,120,3,android,64.0,32.0,0,2566080
vivo,Vivo V25e,19990,8.4,0,helio,8.0,2.2,4500.0,1,8,256,6.44,90,3,android,64.0,32.0,1,2592000
vivo,Vivo V26 Pro,42990,8.7,1,dimensity,8.0,3.2,4800.0,1,12,256,6.7,120,3,android,64.0,32.0,0,2592000
vivo,Vivo V27,27990,8.3,1,dimensity,8.0,2.2,4700.0,1,8,256,6.56,120,3,android,64.0,50.0,1,2592000
vivo,Vivo V27 Pro,43999,8.7,1,dimensity,8.0,3.2,5000.0,1,12,256,6.73,144,3,android,108.0,32.0,0,2592000
vivo,Vivo V28,28990,8.4,1,snapdragon,8.0,2.2,5000.0,1,8,256,6.7,120,3,android,108.0,32.0,1,2592000
vivo,Vivo V29,32990,8.4,1,snapdragon,8.0,2.4,5000.0,1,8,256,6.67,120,3,android,64.0,32.0,1,2592000
vivo,Vivo X80 5G,54999,8.6,1,dimensity,8.0,3.05,4500.0,1,8,128,6.78,120,3,android,50.0,32.0,0,2592000
vivo,Vivo X80 5G (12GB RAM + 256GB),59999,8.8,1,dimensity,8.0,3.05,4500.0,1,12,256,6.78,120,3,android,50.0,32.0,0,2592000
vivo,Vivo X90 5G,41990,8.8,1,dimensity,8.0,3.05,4810.0,1,8,128,6.78,120,3,android,50.0,32.0,0,3528000
vivo,Vivo Y01,7999,6.1,0,helio,8.0,2.3,5000.0,0,2,32,6.51,60,1,android,8.0,5.0,1,1152000
vivo,Vivo Y01A,7790,6.0,0,helio,8.0,2.3,5000.0,1,2,32,6.51,60,1,android,8.0,5.0,1,1152000
vivo,Vivo Y02s,8990,6.1,0,helio,8.0,2.3,5000.0,1,3,32,6.51,60,1,android,8.0,5.0,1,1152000
vivo,Vivo Y10,12490,6.3,0,helio,8.0,2.3,5000.0,0,4,128,6.51,60,2,android,13.0,8.0,0,1152000
vivo,Vivo Y100,29990,8.2,1,dimensity,8.0,2.4,5000.0,1,8,128,6.0,120,3,android,50.0,50.0,0,2592000
vivo,Vivo Y11 (2019),9490,6.4,0,snapdragon,8.0,2.0,5000.0,0,3,32,6.35,60,2,android,13.0,8.0,1,1111680
vivo,Vivo Y12 (3GB RAM + 64GB),11000,6.8,0,helio,8.0,2.0,5000.0,0,3,64,6.35,60,3,android,13.0,8.0,1,1111680
vivo,Vivo Y12a,9999,6.5,0,snapdragon,8.0,2.0,5000.0,0,3,32,6.51,60,2,android,13.0,8.0,1,1152000
vivo,Vivo Y12G (3GB RAM + 64GB),11990,6.8,0,snapdragon,8.0,2.0,5000.0,0,3,64,6.51,60,3,android,13.0,8.0,1,1152000
vivo,Vivo Y15,12500,7.1,0,helio,8.0,2.0,5000.0,0,4,64,6.35,60,3,android,13.0,16.0,1,1111680
vivo,Vivo Y15C,8499,6.6,0,helio,8.0,2.3,5000.0,0,3,32,6.51,60,2,android,13.0,8.0,1,1152000
vivo,Vivo Y15C (3GB RAM + 64GB),10490,6.7,0,helio,8.0,2.3,5000.0,0,3,64,6.51,60,2,android,13.0,8.0,1,1152000
vivo,Vivo Y15s,8499,6.6,0,helio,8.0,2.3,5000.0,0,3,32,6.51,60,2,android,13.0,8.0,1,1152000
vivo,Vivo Y16,9999,6.5,0,helio,8.0,2.3,5000.0,1,3,32,6.51,60,2,android,13.0,5.0,1,1152000
vivo,Vivo Y16 (3GB RAM + 64GB),10499,6.6,0,helio,8.0,2.3,5000.0,1,3,64,6.51,60,2,android,13.0,5.0,1,1152000
vivo,Vivo Y16 (4GB RAM + 64GB),12489,6.8,0,helio,8.0,2.3,5000.0,1,4,64,6.51,60,2,android,13.0,5.0,1,1152000
vivo,Vivo Y19,20000,7.3,0,helio,8.0,2.0,5000.0,1,4,128,6.53,60,3,android,16.0,16.0,1,2527200
vivo,Vivo Y20G,13990,6.9,0,helio,8.0,2.0,5000.0,1,4,64,6.51,60,3,android,13.0,8.0,1,1152000
vivo,Vivo Y21 (2020),9990,6.5,0,snapdragon,8.0,1.8,5000.0,0,4,64,6.5,60,2,android,13.0,13.0,1,1111680
vivo,Vivo Y21 2021,13489,6.9,0,helio,8.0,2.3,5000.0,1,4,64,6.51,60,2,android,13.0,8.0,1,1152000
vivo,Vivo Y21e,12499,6.9,0,snapdragon,8.0,2.4,5000.0,1,3,64,6.51,60,2,android,13.0,8.0,1,1152000
vivo,Vivo Y21s,14990,7.4,0,helio,8.0,2.0,5000.0,1,4,128,6.51,60,3,android,50.0,8.0,1,1152000
vivo,Vivo Y21T,15499,7.4,0,snapdragon,8.0,2.4,5000.0,1,4,128,6.51,90,3,android,50.0,8.0,1,1152000
vivo,Vivo Y22,14499,7.2,0,helio,8.0,2.0,5000.0,1,4,64,6.55,60,2,android,50.0,8.0,1,1160640
vivo,Vivo Y22 (6GB RAM + 128GB),16499,7.5,0,helio,8.0,2.0,5000.0,1,6,128,6.55,60,2,android,50.0,8.0,1,1160640
vivo,Vivo Y22s,14990,7.7,0,snapdragon,8.0,2.4,5000.0,1,8,128,6.55,90,2,android,50.0,8.0,1,1160640
vivo,Vivo Y3 (4GB RAM + 128GB),12990,7.1,0,helio,8.0,2.3,5000.0,1,4,128,6.35,60,3,android,13.0,16.0,1,1111680
vivo,Vivo Y33s,16685,8.0,0,helio,8.0,2.0,5000.0,1,8,128,6.58,60,3,android,50.0,16.0,1,2600640
vivo,Vivo Y33T,15990,8.1,0,snapdragon,8.0,2.4,5000.0,1,8,128,6.58,90,3,android,50.0,16.0,1,2600640
vivo,Vivo Y35,18499,8.0,0,snapdragon,8.0,2.4,5000.0,1,8,128,6.58,90,3,android,50.0,16.0,1,2600640
vivo,Vivo Y35 5G,13999,7.0,1,dimensity,8.0,2.2,5000.0,1,4,128,6.51,60,2,android,13.0,5.0,1,1152000
vivo,Vivo Y53s,15490,7.9,0,helio,8.0,2.0,5000.0,1,8,128,6.58,60,3,android,64.0,16.0,1,2600640
vivo,Vivo Y53t,11999,6.7,1,dimensity,8.0,2.0,6000.0,1,4,128,6.51,60,2,android,13.0,5.0,0,1152000
vivo,Vivo Y55 4G,22990,8.3,0,snapdragon,8.0,2.4,5000.0,1,8,128,6.44,120,3,android,50.0,16.0,1,2592000
vivo,Vivo Y55 5G,20990,7.7,1,dimensity,8.0,2.2,5000.0,1,4,128,6.58,60,3,android,50.0,8.0,1,2600640
vivo,Vivo Y55s 2023,21999,7.8,1,dimensity,8.0,2.2,5000.0,1,4,128,6.58,60,3,android,50.0,8.0,1,2600640
vivo,Vivo Y55s 5G,19990,7.9,1,dimensity,8.0,2.2,6000.0,1,8,128,6.58,60,2,android,50.0,8.0,0,2600640
vivo,Vivo Y73 2021,19990,8.0,0,helio,8.0,2.05,4000.0,1,8,128,6.44,60,3,android,64.0,16.0,1,2592000
vivo,Vivo Y73T,16990,7.7,1,dimensity,8.0,2.0,6000.0,1,8,128,6.58,60,2,android,50.0,8.0,0,2600640
vivo,Vivo Y75 4G,19990,8.2,0,helio,8.0,2.05,4050.0,1,8,128,6.44,60,3,android,50.0,44.0,1,2592000
vivo,Vivo Y75 5G,21990,8.2,1,dimensity,8.0,2.2,5000.0,1,8,128,6.58,60,3,android,50.0,16.0,1,2600640
vivo,Vivo Y77 5G,17990,7.6,1,dimensity,8.0,2.2,4500.0,1,6,128,6.64,120,2,android,50.0,8.0,1,2579040
vivo,Vivo Y78 5G,24990,7.7,1,dimensity,8.0,3.0,4500.0,1,8,128,6.58,90,3,android,50.0,16.0,0,2592000
vivo,Vivo Y93,18000,6.2,0,helio,8.0,2.0,4030.0,0,4,32,6.2,60,2,android,13.0,8.0,1,1094400
vivo,Vivo Y95,15000,6.5,0,snapdragon,8.0,1.95,4030.0,0,4,64,6.22,60,2,android,13.0,20.0,1,1094400
xiaomi,Xiaomi 11i 5G (8GB RAM + 128GB),24990,8.3,1,dimensity,8.0,2.5,5160.0,1,8,128,6.67,120,3,android,108.0,16.0,1,2592000
xiaomi,Xiaomi 11i HyperCharge 5G,24820,8.3,1,dimensity,8.0,2.5,4500.0,1,6,128,6.67,120,3,android,108.0,16.0,1,2592000
xiaomi,Xiaomi 11i HyperCharge 5G (8GB RAM + 128GB),26999,8.6,1,dimensity,8.0,2.5,4500.0,1,8,128,6.67,120,3,android,108.0,16.0,1,2592000
xiaomi,Xiaomi 11T Pro 5G (12GB RAM + 256GB),38999,8.8,1,snapdragon,8.0,2.84,5000.0,1,12,256,6.67,120,3,android,108.0,16.0,0,2592000
xiaomi,Xiaomi 12 Lite 5G,29990,8.2,1,snapdragon,8.0,2.4,4300.0,1,6,128,6.55,120,3,android,108.0,32.0,0,2592000
xiaomi,Xiaomi 12 Pro 5G,50990,8.9,1,snapdragon,8.0,3.0,4600.0,1,8,256,6.73,120,3,android,50.0,32.0,0,4608000
xiaomi,Xiaomi 12T,48990,8.7,1,dimensity,8.0,2.85,5000.0,1,8,128,6.67,120,3,android,108.0,20.0,0,3308640
xiaomi,Xiaomi 12T Pro 5G,59990,8.9,1,snapdragon,8.0,3.2,5000.0,1,8,128,6.67,120,3,android,200.0,20.0,0,3308640
xiaomi,Xiaomi 13 5G,46990,8.9,1,snapdragon,8.0,3.2,4500.0,1,8,128,6.36,120,3,android,50.0,32.0,0,2592000
xiaomi,Xiaomi 14,54999,8.9,1,snapdragon,8.0,3.2,5000.0,1,12,256,6.43,120,3,android,50.0,32.0,0,4608000
xiaomi,Xiaomi Civi 2,29999,8.5,1,snapdragon,8.0,2.4,4500.0,1,8,128,6.55,120,3,android,50.0,32.0,0,2592000
xiaomi,Xiaomi Civi 3,32990,8.6,1,dimensity,8.0,3.1,5000.0,1,8,256,6.7,120,3,android,64.0,32.0,0,2592000
xiaomi,Xiaomi Mi 10 5G (8GB RAM + 256GB),54999,8.8,1,snapdragon,8.0,2.84,4780.0,1,8,256,6.67,90,4,android,108.0,20.0,0,2527200
xiaomi,Xiaomi Mi 10T 5G,23500,8.0,1,snapdragon,8.0,2.84,5000.0,1,6,128,6.67,144,3,android,64.0,20.0,0,2592000
xiaomi,Xiaomi Mi 10T Pro 5G,29999,8.6,1,snapdragon,8.0,2.84,5000.0,1,8,128,6.67,144,3,android,108.0,20.0,0,2592000
xiaomi,Xiaomi Mi 11 Lite (8GB RAM + 128GB),18699,8.2,0,snapdragon,8.0,2.3,4250.0,1,8,128,6.55,90,3,android,64.0,16.0,1,2592000
xiaomi,Xiaomi Mi 11 Lite NE 5G,21890,8.3,1,snapdragon,8.0,2.4,4250.0,1,6,128,6.55,90,3,android,64.0,20.0,1,2592000
xiaomi,Xiaomi Mi 11 Lite NE 5G (8GB RAM + 128GB),22999,8.6,1,snapdragon,8.0,2.4,4250.0,1,8,128,6.55,90,3,android,64.0,20.0,1,2592000
xiaomi,Xiaomi Mi 11i 5G,23499,8.1,1,dimensity,8.0,2.5,5160.0,1,6,128,6.67,120,3,android,108.0,16.0,1,2592000
xiaomi,Xiaomi Mi 11T Pro 5G,34990,8.6,1,snapdragon,8.0,2.84,5000.0,1,8,128,6.67,120,3,android,108.0,16.0,0,2592000
xiaomi,Xiaomi Mi 11X,23890,8.0,1,snapdragon,8.0,3.2,4520.0,1,6,128,6.67,120,3,android,48.0,20.0,0,2592000
xiaomi,Xiaomi Mi 11X 5G (8GB RAM + 128GB),25990,8.3,1,snapdragon,8.0,3.2,4520.0,1,8,128,6.67,120,3,android,48.0,20.0,0,2592000
xiaomi,Xiaomi Mi 11X Pro,30990,8.5,1,snapdragon,8.0,2.84,4520.0,1,8,128,6.67,120,3,android,108.0,20.0,0,2592000
xiaomi,Xiaomi Mi 12 5G,42990,8.7,1,snapdragon,8.0,3.0,4500.0,1,8,128,6.28,120,3,android,50.0,32.0,0,2592000
xiaomi,Xiaomi Poco F1,11999,7.7,0,snapdragon,8.0,2.8,4000.0,1,6,64,6.18,60,2,android,12.0,20.0,1,2425680
xiaomi,Xiaomi Poco F1 (6GB RAM + 128GB),12999,7.8,0,snapdragon,8.0,2.8,4000.0,1,6,128,6.18,60,2,android,12.0,20.0,1,2425680
xiaomi,Xiaomi Redmi 10,9589,7.1,0,snapdragon,8.0,2.4,6000.0,1,4,64,6.7,60,2,android,50.0,5.0,1,1152000
xiaomi,Xiaomi Redmi 10 (6GB RAM + 128GB),11999,7.5,0,snapdragon,8.0,2.4,6000.0,1,6,128,6.7,60,2,android,50.0,5.0,1,1152000
xiaomi,Xiaomi Redmi 10 Power,11999,7.7,0,snapdragon,8.0,2.4,6000.0,1,8,128,6.7,60,2,android,50.0,5.0,1,1188000
xiaomi,Xiaomi Redmi 10 Prime,12390,7.4,0,helio,8.0,2.0,6000.0,1,4,64,6.5,90,4,android,50.0,8.0,1,2592000
xiaomi,Xiaomi Redmi 10 Prime (6GB RAM + 128GB),12999,7.7,0,helio,8.0,2.0,6000.0,1,6,128,6.5,90,4,android,50.0,8.0,1,2592000
xiaomi,Xiaomi Redmi 10 Prime Plus 5G,13990,6.9,1,dimensity,8.0,2.2,5000.0,1,4,128,6.58,90,2,android,50.0,5.0,0,2600640
xiaomi,Xiaomi Redmi 10A,7499,6.4,0,helio,8.0,2.0,5000.0,0,3,32,6.53,60,1,android,13.0,5.0,1,1152000
xiaomi,Xiaomi Redmi 10A (4GB RAM + 64GB),8388,6.6,0,helio,8.0,2.0,5000.0,0,4,64,6.53,60,1,android,13.0,5.0,1,1152000
xiaomi,Xiaomi Redmi 10A (6GB RAM + 128GB),10850,7.0,0,helio,8.0,2.0,5000.0,0,6,128,6.53,60,1,android,13.0,5.0,1,1152000
xiaomi,Xiaomi Redmi 10A Sport,9999,6.9,0,helio,8.0,2.0,5000.0,0,6,128,6.53,60,1,android,13.0,5.0,1,1152000
xiaomi,Xiaomi Redmi 10C,13990,7.1,0,snapdragon,8.0,2.4,6000.0,1,4,64,6.7,60,2,android,50.0,5.0,1,1152000
xiaomi,Xiaomi Redmi 10C (4GB RAM + 128GB),14990,7.3,0,snapdragon,8.0,2.4,6000.0,1,4,128,6.7,60,2,android,50.0,5.0,1,1152000
xiaomi,Xiaomi Redmi 11 Prime,11600,7.4,0,helio,8.0,2.2,5000.0,1,4,64,6.58,90,3,android,50.0,8.0,1,2592000
xiaomi,Xiaomi Redmi 11 Prime (6GB RAM + 128GB),13774,7.6,0,helio,8.0,2.2,5000.0,1,6,128,6.58,90,3,android,50.0,8.0,1,2592000
xiaomi,Xiaomi Redmi 11 Prime 5G,13466,7.4,1,dimensity,8.0,2.2,5000.0,1,4,64,6.58,90,2,android,50.0,5.0,1,2600640
xiaomi,Xiaomi Redmi 11 Prime 5G (6GB RAM + 128GB),15990,7.7,1,dimensity,8.0,2.2,5000.0,1,6,128,6.58,90,2,android,50.0,5.0,1,2600640
xiaomi,Xiaomi Redmi 13 Prime 5G,17990,7.9,1,snapdragon,8.0,2.0,5100.0,1,6,128,6.73,120,2,android,64.0,16.0,1,2600640
xiaomi,Xiaomi Redmi 20X,10990,7.7,1,dimensity,8.0,2.2,5000.0,1,4,128,6.43,90,4,android,48.0,13.0,1,2527200
xiaomi,Xiaomi Redmi 8 (4GB RAM + 64GB),11490,6.6,0,snapdragon,8.0,2.0,5000.0,1,4,64,6.22,60,2,android,12.0,8.0,1,1094400
xiaomi,Xiaomi Redmi 9,8999,6.8,0,helio,8.0,2.3,5000.0,0,4,64,6.53,60,2,android,13.0,5.0,1,1152000
xiaomi,Xiaomi Redmi 9 Activ,7499,6.8,0,helio,8.0,2.3,5000.0,0,4,64,6.53,60,2,android,13.0,5.0,1,1152000
xiaomi,Xiaomi Redmi 9 Activ (6GB RAM + 128GB),10499,7.2,0,helio,8.0,2.3,5000.0,0,6,128,6.53,60,2,android,13.0,5.0,1,1152000
xiaomi,Xiaomi Redmi 9 Power,11499,7.4,0,snapdragon,8.0,2.0,6000.0,1,4,64,6.53,60,4,android,48.0,8.0,1,2527200
xiaomi,Xiaomi Redmi 9A,6999,6.1,0,helio,8.0,2.0,5000.0,0,2,32,6.53,60,1,android,13.0,5.0,1,1152000
xiaomi,Xiaomi Redmi 9A (6GB RAM + 128GB),10990,6.9,0,helio,8.0,2.0,5000.0,0,6,128,6.53,60,1,android,13.0,5.0,1,1152000
xiaomi,Xiaomi Redmi 9A Sport,6499,6.1,0,helio,8.0,2.0,5000.0,0,2,32,6.53,60,1,android,13.0,5.0,1,1152000
xiaomi,Xiaomi Redmi 9i (4GB RAM + 128GB),9299,6.7,0,helio,8.0,2.0,5000.0,1,4,128,6.53,60,1,android,13.0,5.0,1,1152000
xiaomi,Xiaomi Redmi 9i Sport,7499,6.6,0,helio,8.0,2.0,5000.0,1,4,64,6.53,60,1,android,13.0,5.0,1,1152000
xiaomi,Xiaomi Redmi A1 Plus,7289,6.0,0,helio,4.0,2.0,5000.0,1,2,32,6.52,60,2,android,8.0,5.0,1,1152000
xiaomi,Xiaomi Redmi A1 Plus (3GB RAM + 32GB),8399,6.1,0,helio,4.0,2.0,5000.0,1,3,32,6.52,60,2,android,8.0,5.0,1,1152000
xiaomi,Xiaomi Redmi K20 Pro Signature Edition,480000,8.8,0,snapdragon,8.0,2.8,4000.0,1,8,256,6.39,60,3,android,48.0,20.0,0,2527200
xiaomi,Xiaomi Redmi K50 5G,27990,8.3,1,dimensity,8.0,2.85,5500.0,1,8,128,6.67,120,3,android,48.0,20.0,0,4608000
xiaomi,Xiaomi Redmi K50 Ultra 5G,39999,8.5,1,snapdragon,8.0,3.2,5000.0,1,8,128,6.67,144,3,android,108.0,20.0,0,3308640
xiaomi,Xiaomi Redmi K50i (8GB RAM + 256GB),25999,8.5,1,dimensity,8.0,2.85,5080.0,1,8,256,6.6,144,3,android,64.0,16.0,0,2656800
xiaomi,Xiaomi Redmi K50i 5G,22999,8.2,1,dimensity,8.0,2.85,5080.0,1,6,128,6.6,144,3,android,64.0,16.0,0,2656800
xiaomi,Xiaomi Redmi K60,29990,8.4,1,snapdragon,8.0,3.2,5500.0,1,8,128,6.67,120,3,android,64.0,16.0,0,4608000
xiaomi,Xiaomi Redmi K60 Gaming Edition,54990,8.6,1,snapdragon,8.0,3.2,5000.0,1,8,128,6.73,120,3,android,50.0,20.0,0,4608000
xiaomi,Xiaomi Redmi K60 Pro,38999,8.5,1,snapdragon,8.0,3.2,5000.0,1,8,128,6.67,120,3,android,54.0,16.0,0,4608000
xiaomi,Xiaomi Redmi K60E,25999,8.3,1,dimensity,8.0,3.1,5500.0,1,8,128,6.67,120,3,android,48.0,20.0,0,4608000
xiaomi,Xiaomi Redmi K60i,28999,8.5,1,dimensity,8.0,3.1,5080.0,1,8,128,6.67,120,3,android,50.0,32.0,0,2656800
xiaomi,Xiaomi Redmi Note 10,13990,7.5,0,snapdragon,8.0,2.2,5000.0,1,4,64,6.43,60,4,android,48.0,13.0,1,2592000
xiaomi,Xiaomi Redmi Note 10 (6GB RAM + 128GB),16499,7.8,0,snapdragon,8.0,2.2,5000.0,1,6,128,6.43,60,4,android,48.0,13.0,1,2592000
xiaomi,Xiaomi Redmi Note 10 5G,12490,7.6,1,dimensity,8.0,2.2,5000.0,1,4,128,6.5,90,3,android,48.0,8.0,1,2592000
xiaomi,Xiaomi Redmi Note 10 Lite,9999,7.6,0,snapdragon,8.0,2.3,5020.0,1,4,64,6.67,60,4,android,48.0,16.0,1,2592000
xiaomi,Xiaomi Redmi Note 10 Lite (4GB RAM + 128GB),12499,7.7,0,snapdragon,8.0,2.3,5020.0,1,4,128,6.67,60,4,android,48.0,16.0,1,2592000
xiaomi,Xiaomi Redmi Note 10 Lite (6GB RAM + 128GB),11999,8.0,0,snapdragon,8.0,2.3,5020.0,1,6,128,6.67,60,4,android,48.0,16.0,1,2592000
xiaomi,Xiaomi Redmi Note 10 Pro (6GB RAM + 128GB),17999,8.1,0,snapdragon,8.0,2.3,5020.0,1,6,128,6.67,120,4,android,64.0,16.0,1,2592000
xiaomi,Xiaomi Redmi Note 10 Pro 5G,16999,8.3,1,dimensity,8.0,2.6,5000.0,1,6,128,6.6,120,3,android,64.0,16.0,1,2592000
xiaomi,Xiaomi Redmi Note 10 Pro Max,19999,8.1,0,snapdragon,8.0,2.3,5020.0,1,6,64,6.67,120,4,android,108.0,16.0,1,2592000
xiaomi,Xiaomi Redmi Note 10 Pro Max (6GB RAM + 128GB),19980,8.2,0,snapdragon,8.0,2.3,5020.0,1,6,128,6.67,120,4,android,108.0,16.0,1,2592000
xiaomi,Xiaomi Redmi Note 10S,10999,7.8,0,helio,8.0,2.05,5000.0,1,6,64,6.43,60,4,android,64.0,13.0,1,2592000
xiaomi,Xiaomi Redmi Note 10S (6GB RAM + 128GB),11999,7.9,0,helio,8.0,2.05,5000.0,1,6,128,6.43,60,4,android,64.0,13.0,1,2592000
xiaomi,Xiaomi Redmi Note 10S (8GB RAM + 128GB),13999,8.2,0,helio,8.0,2.05,5000.0,1,8,128,6.43,60,4,android,64.0,13.0,1,2592000
xiaomi,Xiaomi Redmi Note 10T 5G,12999,7.5,1,dimensity,8.0,2.2,5000.0,1,4,64,6.5,90,3,android,48.0,8.0,1,2592000
xiaomi,Xiaomi Redmi Note 10T 5G (6GB RAM +128GB),13999,7.9,1,dimensity,8.0,2.2,5000.0,1,6,128,6.5,90,3,android,48.0,8.0,1,2592000
xiaomi,Xiaomi Redmi Note 11,11936,7.6,0,snapdragon,8.0,2.4,5000.0,1,4,64,6.43,90,4,android,50.0,13.0,1,2592000
xiaomi,Xiaomi Redmi Note 11 (6GB RAM + 128GB),14290,8.0,0,snapdragon,8.0,2.4,5000.0,1,6,128,6.43,90,4,android,50.0,13.0,1,2592000
xiaomi,Xiaomi Redmi Note 11 (6GB RAM + 64GB),12188,7.9,0,snapdragon,8.0,2.4,5000.0,1,6,64,6.43,90,4,android,50.0,13.0,1,2592000
xiaomi,Xiaomi Redmi Note 11 5G,14990,7.7,1,dimensity,8.0,2.4,5000.0,1,4,128,6.6,90,2,android,50.0,16.0,1,2592000
xiaomi,Xiaomi Redmi Note 11 Pro 4G,17999,8.1,0,helio,8.0,2.05,5000.0,1,6,128,6.67,120,4,android,108.0,16.0,1,2592000
xiaomi,Xiaomi Redmi Note 11 Pro 5G,17990,8.1,1,snapdragon,8.0,2.2,5000.0,1,6,64,6.67,120,3,android,108.0,16.0,1,2592000
xiaomi,Xiaomi Redmi Note 11 Pro Max 5G,19999,8.3,1,snapdragon,8.0,2.4,5200.0,1,6,128,6.67,120,4,android,108.0,32.0,1,2592000
xiaomi,Xiaomi Redmi Note 11 Pro Plus 5G,19999,8.3,1,snapdragon,8.0,2.2,5000.0,1,6,128,6.67,120,3,android,108.0,16.0,1,2592000
xiaomi,Xiaomi Redmi Note 11 Pro Plus 5G (8GB RAM + 128GB),22700,8.6,1,snapdragon,8.0,2.2,5000.0,1,8,128,6.67,120,3,android,108.0,16.0,1,2592000
xiaomi,Xiaomi Redmi Note 11 Pro Plus 5G (8GB RAM + 256GB),22999,8.7,1,snapdragon,8.0,2.2,5000.0,1,8,256,6.67,120,3,android,108.0,16.0,1,2592000
xiaomi,Xiaomi Redmi Note 11E 5G,13990,6.9,1,dimensity,8.0,2.2,5000.0,1,4,128,6.58,90,2,android,50.0,5.0,0,2600640
xiaomi,Xiaomi Redmi Note 11R,12990,7.3,1,dimensity,8.0,2.2,5000.0,1,4,128,6.58,90,2,android,13.0,5.0,1,2592000
xiaomi,Xiaomi Redmi Note 11S,14590,8.0,0,helio,8.0,2.05,5000.0,1,6,64,6.43,90,4,android,108.0,16.0,1,2592000
xiaomi,Xiaomi Redmi Note 11S (6GB RAM + 128GB),15499,8.1,0,helio,8.0,2.05,5000.0,1,6,128,6.43,90,4,android,108.0,16.0,1,2592000
xiaomi,Xiaomi Redmi Note 11S (8GB RAM + 128GB),15824,8.4,0,helio,8.0,2.05,5000.0,1,8,128,6.43,90,4,android,108.0,16.0,1,2592000
xiaomi,Xiaomi Redmi Note 11SE,11999,8.0,0,helio,8.0,2.05,5000.0,1,6,64,6.43,60,4,android,64.0,13.0,1,2592000
xiaomi,Xiaomi Redmi Note 11T 5G,16999,7.9,1,dimensity,8.0,2.4,5000.0,1,6,64,6.6,90,2,android,50.0,16.0,1,2592000
xiaomi,Xiaomi Redmi Note 11T 5G (6GB RAM + 128GB),16999,8.1,1,dimensity,8.0,2.4,5000.0,1,6,128,6.6,90,2,android,50.0,16.0,1,2592000
xiaomi,Xiaomi Redmi Note 11T 5G (8GB RAM + 128GB),18499,8.3,1,dimensity,8.0,2.4,5000.0,1,8,128,6.6,90,2,android,50.0,16.0,1,2592000
xiaomi,Xiaomi Redmi Note 11T Pro 5G,19990,8.2,1,dimensity,8.0,2.85,5080.0,1,6,128,6.6,144,3,android,64.0,16.0,1,2656800
xiaomi,Xiaomi Redmi Note 12,17859,7.6,1,snapdragon,8.0,2.0,5000.0,1,4,128,6.67,120,3,android,48.0,13.0,1,2592000
xiaomi,Xiaomi Redmi Note 12 (6GB RAM + 128GB),19988,7.9,1,snapdragon,8.0,2.0,5000.0,1,6,128,6.67,120,3,android,48.0,13.0,1,2592000
xiaomi,Xiaomi Redmi Note 12 4G,13999,7.5,0,helio,8.0,2.2,5000.0,1,4,64,6.67,120,3,android,48.0,13.0,1,2592000
xiaomi,Xiaomi Redmi Note 12 Discovery Edition,26990,8.6,1,dimensity,8.0,2.6,4300.0,1,8,256,6.67,120,3,android,200.0,16.0,0,2592000
xiaomi,Xiaomi Redmi Note 12 Explorer,24999,8.9,1,dimensity,8.0,2.6,4300.0,1,8,256,6.67,120,3,android,200.0,16.0,1,2592000
xiaomi,Xiaomi Redmi Note 12 Pro (8GB RAM + 128GB),26999,8.2,1,dimensity,8.0,2.6,5000.0,1,8,128,6.67,120,3,android,50.0,16.0,0,2592000
xiaomi,Xiaomi Redmi Note 12 Pro (8GB RAM + 256GB),27994,8.2,1,dimensity,8.0,2.6,5000.0,1,8,256,6.67,120,3,android,50.0,16.0,0,2592000
xiaomi,Xiaomi Redmi Note 12 Pro 4G,14999,7.7,0,snapdragon,8.0,2.3,5000.0,1,6,128,6.67,120,3,android,50.0,16.0,0,2592000
xiaomi,Xiaomi Redmi Note 12 Pro 5G,24762,7.9,1,dimensity,8.0,2.6,5000.0,1,6,128,6.67,120,3,android,50.0,16.0,0,2592000
xiaomi,Xiaomi Redmi Note 12 Pro Max 5G,32999,8.3,1,snapdragon,8.0,2.36,5200.0,1,6,128,6.67,120,4,android,108.0,32.0,1,2656800
xiaomi,Xiaomi Redmi Note 12 Pro Plus,29999,8.6,1,dimensity,8.0,2.6,4980.0,1,8,256,6.67,120,3,android,200.0,16.0,0,2592000
xiaomi,Xiaomi Redmi Note 12 Pro Plus (12GB RAM + 256GB),32999,8.7,1,dimensity,8.0,2.6,4980.0,1,12,256,6.67,120,3,android,200.0,16.0,0,2592000
xiaomi,Xiaomi Redmi Note 12 Pro Plus (6GB RAM + 128GB),26999,8.4,1,dimensity,8.0,2.6,4980.0,1,6,128,6.67,120,3,android,200.0,16.0,0,2592000
xiaomi,Xiaomi Redmi Note 12 Turbo,19999,8.1,1,snapdragon,8.0,2.4,5000.0,1,8,128,6.67,120,3,android,50.0,16.0,0,2592000
xiaomi,Xiaomi Redmi Note 12T 5G,15999,7.8,1,dimensity,8.0,2.0,5000.0,1,6,64,6.52,90,3,android,64.0,16.0,1,2592000
xiaomi,Xiaomi Redmi Note 13 Pro 5G,17990,7.8,1,dimensity,8.0,2.0,5000.0,1,6,128,6.67,120,3,android,108.0,16.0,0,2656800
xiaomi,Xiaomi Redmi Note 13 Pro Max 5G,20499,8.3,1,snapdragon,8.0,2.36,5200.0,1,6,128,6.67,120,4,android,108.0,32.0,1,2656800
xiaomi,Xiaomi Redmi Note 4,10300,6.5,0,snapdragon,8.0,2.0,4100.0,0,4,64,5.5,60,1,android,13.0,5.0,1,2073600
xiaomi,Xiaomi Redmi Note 8 2021,9990,7.5,0,helio,8.0,2.0,4000.0,1,4,64,6.3,60,4,android,48.0,13.0,1,2527200
xiaomi,Xiaomi Redmi Note 8 Pro,16999,7.8,0,helio,8.0,2.05,4500.0,1,6,64,6.53,60,4,android,64.0,20.0,1,2527200
xiaomi,Xiaomi Redmi Note 9,11989,7.5,0,helio,8.0,2.0,5020.0,1,4,64,6.53,60,4,android,48.0,13.0,1,2527200
xiaomi,Xiaomi Redmi Note 9 Pro,13999,7.5,0,snapdragon,8.0,2.3,5020.0,1,4,64,6.67,60,4,android,48.0,16.0,1,2592000
xiaomi,Xiaomi Redmi Note 9 Pro (4GB RAM + 128GB),14439,7.7,0,snapdragon,8.0,2.3,5020.0,1,4,128,6.67,60,4,android,48.0,16.0,1,2592000
xiaomi,Xiaomi Redmi Note 9 Pro Max,16490,8.0,0,snapdragon,8.0,2.3,5020.0,1,6,64,6.67,60,4,android,64.0,32.0,1,2592000
zte,ZTE Axon 30S,19999,8.2,1,snapdragon,8.0,3.2,4200.0,1,6,128,6.9,120,4,android,50.0,16.0,1,2656800
zte,ZTE Axon 40 Ultra 5G,61990,8.9,1,snapdragon,8.0,3.0,5000.0,1,8,128,6.8,120,3,android,64.0,16.0,0,2767680
